id,timestamp,text,searchQuery,clean_content
1839287616509722900,2024-09-26 12:55:00+00:00,Indonesian fan makes a memorial poster of Speed when he was in Indonesia â¤ï¸ğŸ‡®ğŸ‡©,speed in Indonesia ,Indonesian fan makes a memorial poster of Speed when he was in Indonesia 
1844034158705983798,2024-10-09 15:16:00+00:00,"Minister Of Communication And Information, Budi Arie Setiadi Hopes That Internet Speed Can Reach 100 Mbps throughout all Indonesia's regions In 2029.
#WestPapuan 
voi.id/en/technology/423190/",speed in Indonesia ,"Minister Of Communication And Information Budi Arie Setiadi Hopes That Internet Speed Can Reach 100 Mbps throughout all Indonesias regions In 2029
WestPapuan 
voiidentechnology423190"
1844031182419497008,2024-10-09 15:04:00+00:00,So in your words you think he is the same as some foreign fan from indonesia,speed in Indonesia ,So in your words you think he is the same as some foreign fan from indonesia
1844028133567345151,2024-10-09 14:52:00+00:00,"Minister of Communication and Information, Budi Arie Setiadi hopes that internet speed in Indonesia can reach the target of 100 Mbps in all regions on the next five years.
#WestPapuan 
antaranews.com/berita/438452â€¦",speed in Indonesia ,"Minister of Communication and Information Budi Arie Setiadi hopes that internet speed in Indonesia can reach the target of 100 Mbps in all regions on the next five years
WestPapuan 
antaranewscomberita438452"
1836718975578690012,2024-09-19 10:48:00+00:00,"Speed is currently just having fun & doing side quests in Bali, Indonesia ğŸ˜‚ğŸ‡®ğŸ‡©",speed in Indonesia ,Speed is currently just having fun  doing side quests in Bali Indonesia 
1843952541421465728,2024-10-09 09:51:00+00:00,Watch :-Speed is currently in Indonesia & as soon as he got out of his car.,speed in Indonesia ,Watch Speed is currently in Indonesia  as soon as he got out of his car
1841159909070532842,2024-10-01 16:55:00+00:00,"ğŸš¨| WATCH: Speed reacts to his old self in Indonesia, practicing Javanese culture from the 9th century ğŸ‡®ğŸ‡©",speed in Indonesia , WATCH Speed reacts to his old self in Indonesia practicing Javanese culture from the 9th century 
1837020890430570689,2024-09-20 06:48:00+00:00,Speed makes a monkey his friend & he tried to kiss speed in Indonesia ğŸ˜‚,speed in Indonesia ,Speed makes a monkey his friend  he tried to kiss speed in Indonesia 
1843683834623385780,2024-10-08 16:04:00+00:00,"In Wales, Conservatives criticize Labour's 20mph speed limits, citing poor implementation and public confusion, urging a review. Colleen Monfore's remains were found in a shark's stomach after her diving accident in Indonesia, raising questions about herâ€¦ am1.news/usconservative/topiâ€¦",speed in Indonesia ,In Wales Conservatives criticize Labours 20mph speed limits citing poor implementation and public confusion urging a review Colleen Monfores remains were found in a sharks stomach after her diving accident in Indonesia raising questions about her am1newsusconservativetopi
1843648578805534727,2024-10-08 13:44:00+00:00,"@elonmusk  thanks Starlink has come to Indonesia, please gives us cheaper Starlink internet package or same price as provider in Indonesia, we are tired to complain about unstable and slow speed internet . me and my family will change to Starlink ğŸ˜­",speed in Indonesia ,  thanks Starlink has come to Indonesia please gives us cheaper Starlink internet package or same price as provider in Indonesia we are tired to complain about unstable and slow speed internet  me and my family will change to Starlink 
1836347306032996439,2024-09-18 10:11:00+00:00,Speed is having the time of his life in Indonesia ğŸ˜‚ğŸ‡®ğŸ‡©,speed in Indonesia ,Speed is having the time of his life in Indonesia 
1842224191598473629,2024-10-04 15:24:00+00:00,"TEAM CHINA CLOSED A DOMINANT NIGHT WITH WANG XINSHANG TAKING GOLD IN THE MEN'S SPEED EVENT!! KAZAKHSTAN AND INDONESIA ALSO STEPPED ON THE PODIUM!!

ğŸ¥‡ Wang Xinshang ğŸ‡¨ğŸ‡³
ğŸ¥ˆ Amir Maimuratov ğŸ‡°ğŸ‡¿
ğŸ¥‰ Kiromal Katibin ğŸ‡®ğŸ‡©

#WorldClimbing #SeoulWC",speed in Indonesia ,"TEAM CHINA CLOSED A DOMINANT NIGHT WITH WANG XINSHANG TAKING GOLD IN THE MENS SPEED EVENT KAZAKHSTAN AND INDONESIA ALSO STEPPED ON THE PODIUM

 Wang Xinshang 
 Amir Maimuratov 
 Kiromal Katibin 

WorldClimbing SeoulWC"
1842213946893463811,2024-10-04 14:43:00+00:00,"TEAM CHINA CLINCHES GOLD-BRONZE COMBO IN THE WOMEN'S SPEED FINAL AT SEOUL 2024!! INDONESIA TAKE SILVER!!

ğŸ¥‡ Zhou Yafei ğŸ‡¨ğŸ‡³
ğŸ¥ˆ Rajiah Sallsabillah ğŸ‡®ğŸ‡©
ğŸ¥‰ Wang Shengyan ğŸ‡¨ğŸ‡³

#WorldClimbing #SeoulWC",speed in Indonesia ,"TEAM CHINA CLINCHES GOLDBRONZE COMBO IN THE WOMENS SPEED FINAL AT SEOUL 2024 INDONESIA TAKE SILVER

 Zhou Yafei 
 Rajiah Sallsabillah 
 Wang Shengyan 

WorldClimbing SeoulWC"
1838140299987829072,2024-09-23 08:56:00+00:00,bro i don't know speed got twin in IndonesiağŸ‡®ğŸ‡©ğŸ˜­,speed in Indonesia ,bro i dont know speed got twin in Indonesia
1792230716790513800,2024-05-19 16:27:00+00:00,"Across more than 17,000 islands, Starlinkâ€™s high-speed, low-latency internet is available in Indonesia! ğŸ›°ï¸ğŸ‡®ğŸ‡©â¤ï¸ â†’Â starlink.com/map?country=ID",speed in Indonesia ,Across more than 17000 islands Starlinks highspeed lowlatency internet is available in Indonesia  Â starlinkcommapcountryID
1843233597823791208,2024-10-07 10:15:00+00:00,"@Steadyteddysaur its viral meme in indonesia 
wen i show speed go to indonesia ğŸ˜‚",speed in Indonesia ," its viral meme in indonesia 
wen i show speed go to indonesia "
1843271241194721696,2024-10-07 12:44:00+00:00,"World record in rock climbing.

Indonesia's Arjes Susanti set a world record in rock climbing at the World Climbing Championships in China. The 24-year-old athlete climbed the 15-meter wall in 6.995 seconds and won the gold medal in speed climbing.",speed in Indonesia ,"World record in rock climbing

Indonesias Arjes Susanti set a world record in rock climbing at the World Climbing Championships in China The 24yearold athlete climbed the 15meter wall in 6995 seconds and won the gold medal in speed climbing"
1842720205635543114,2024-10-06 00:15:00+00:00,"[INFO] || #JIN IMPACT ã…¡ ğŸ”¥ğŸ‘‘âœ¨ï¸
Laneige Cream Skin sold out swiftly in various countries' malls & official websites following Jin's campaign release! ğŸ‘ğŸ‘ğŸ‘

â€¢ HONG KONG 
â€¢ CHINA
â€¢ PHILIPPINES
â€¢ SOUTH KOREA 
â€¢ INDONESIA
â€¢ SINGAPORE 

#JinxLaneige #ë°©íƒ„ì†Œë…„ë‹¨ì§„ #Laneige #JIN
#TheJINiusLaneige @Laneige_kr @BTS_twt",speed in Indonesia ,"INFO  JIN IMPACT ã…¡ 
Laneige Cream Skin sold out swiftly in various countries malls  official websites following Jins campaign release 

 HONG KONG 
 CHINA
 PHILIPPINES
 SOUTH KOREA 
 INDONESIA
 SINGAPORE 

JinxLaneige ë°©íƒ„ì†Œë…„ë‹¨ì§„ Laneige JIN
TheJINiusLaneige  "
1842508554856734902,2024-10-05 10:14:00+00:00,"Speed : Batik dari Indonesia...
Kalau Asalnya Ia dari Indomesia

Tapi Fakta saat ini..
Batik dari Chinaa bro,
Di Impor jor2an....

Kerajinan Batik Lokal Gulung Tikar.

2008, gue punya Pabrik Mini..
Namanya Arena Karya Mandiri, 1 thn tutup.
Bikin baut kuping accu mobil.
Cost produksi gue 700 perak sebiji. (karyawan sm listrik).
Eh Impor dari Tiongkok 1000 perak dapat 2 biji.
Apa gk mencret...",speed in Indonesia ,"Speed  Batik dari Indonesia
Kalau Asalnya Ia dari Indomesia

Tapi Fakta saat ini
Batik dari Chinaa bro
Di Impor jor2an

Kerajinan Batik Lokal Gulung Tikar

2008 gue punya Pabrik Mini
Namanya Arena Karya Mandiri 1 thn tutup
Bikin baut kuping accu mobil
Cost produksi gue 700 perak sebiji karyawan sm listrik
Eh Impor dari Tiongkok 1000 perak dapat 2 biji
Apa gk mencret"
1725357131514384593,2023-11-17 03:36:00+00:00,"The Jakarta-Bandung High-Speed #Railway in Indonesia began alignment joint-test recently, marking a significant milestone in the construction progress, and laying the groundwork for its full operation.
#Xinhuasilkroadnews #BeltandRoadPortalNews
en.imsilkroad.com/p/334692.hâ€¦
eng.yidaiyilu.gov.cn/p/32478â€¦",speed in Indonesia ,"The JakartaBandung HighSpeed Railway in Indonesia began alignment jointtest recently marking a significant milestone in the construction progress and laying the groundwork for its full operation
Xinhuasilkroadnews BeltandRoadPortalNews
enimsilkroadcomp334692h
engyidaiyilugovcnp32478"
1842551186148192719,2024-10-05 13:03:00+00:00,"SELECT unified_liquidity, low_fees, high_speed
FROM sui_network
WHERE protocol = 'DeepBook'
AND execution_type = 'parallel'
AND feature = 'capital efficiency';

-- Running this query 10/10 times results in the most performant DeFi trading experience.",speed in Indonesia ,"SELECT unified_liquidity low_fees high_speed
FROM sui_network
WHERE protocol  DeepBook
AND execution_type  parallel
AND feature  capital efficiency

 Running this query 1010 times results in the most performant DeFi trading experience"
1842597642079277236,2024-10-05 16:08:00+00:00,"Hi speed, next time if you come to bali, they will be your tour guide, Indonesia just won 2 crown beauty pageants in a row with their exotic beauty. And they are from bali and bandung",speed in Indonesia ,Hi speed next time if you come to bali they will be your tour guide Indonesia just won 2 crown beauty pageants in a row with their exotic beauty And they are from bali and bandung
1842466396657377787,2024-10-05 07:26:00+00:00,"When Reza Arap became Ishowspeed in Indonesia, Java left, you poor people ğŸ˜…ğŸ˜­ğŸ¤´(MINGIR LUH MISKIN)ğŸ¤£ğŸ«µğŸ¼ #speed #java #jogja",speed in Indonesia ,When Reza Arap became Ishowspeed in Indonesia Java left you poor people MINGIR LUH MISKIN speed java jogja
1561662966973341697,2022-08-22 10:34:00+00:00,China-made bullet trains with a top speed of 350km/h have been exported for the first time in a shipment to Indonesia for use on a new high-speed rail line.,speed in Indonesia ,Chinamade bullet trains with a top speed of 350kmh have been exported for the first time in a shipment to Indonesia for use on a new highspeed rail line
1842257706825982193,2024-10-04 17:37:00+00:00,"i believe speed is not smelly, but most western people i met while hiking in indonesia, like they rent a tent, sleeping bag, and staff, are stinking asf",speed in Indonesia ,i believe speed is not smelly but most western people i met while hiking in indonesia like they rent a tent sleeping bag and staff are stinking asf
1837008728647717190,2024-09-20 05:59:00+00:00,"ğŸš¨| WATCH: Speed bought a wooden dildo called ""Asbak Bali"" in Bali, Indonesia ğŸ˜­ğŸ‡®ğŸ‡©",speed in Indonesia , WATCH Speed bought a wooden dildo called Asbak Bali in Bali Indonesia 
1842416212019392568,2024-10-05 04:07:00+00:00,"For someone who works in Asia you don't seem up to speed. China has threatened not just the Philippines but also Vietnam, Indonesia & Malaysia recently against drilling for oil in their own exclusive economic zones. This article is not even 3 days old. 

scmp.com/news/asia/southeastâ€¦",speed in Indonesia ,"For someone who works in Asia you dont seem up to speed China has threatened not just the Philippines but also Vietnam Indonesia  Malaysia recently against drilling for oil in their own exclusive economic zones This article is not even 3 days old 

scmpcomnewsasiasoutheast"
1842437599375642983,2024-10-05 05:32:00+00:00,"The Indonesian Air Force concluded the 79th Indonesian Armed Forces anniversary ceremony with a high-speed pass and boomburst.

Check out the series of aerial demo attractions in the following video.

#SEAToday #SEATodayNews #SEATodaydotcom #Jakarta #Indonesia #HUTTNI #TNI #TNIAnniversary",speed in Indonesia ,"The Indonesian Air Force concluded the 79th Indonesian Armed Forces anniversary ceremony with a highspeed pass and boomburst

Check out the series of aerial demo attractions in the following video

SEAToday SEATodayNews SEATodaydotcom Jakarta Indonesia HUTTNI TNI TNIAnniversary"
1842399099615920442,2024-10-05 02:59:00+00:00,"after speed, a lot more overseas influencers know malaysia & indonesia is the best place in SEA for clout and engagement farming",speed in Indonesia ,after speed a lot more overseas influencers know malaysia  indonesia is the best place in SEA for clout and engagement farming
1842072151383236973,2024-10-04 05:19:00+00:00,"In 2025, MG will launch its first solid-state battery electric car.

The battery should be cheaper and faster to charge. Estimated charging speed is expected to be 400km in 12 minutes using a fast charger. smarterfutur.es/47X5RxQ",speed in Indonesia ,"In 2025 MG will launch its first solidstate battery electric car

The battery should be cheaper and faster to charge Estimated charging speed is expected to be 400km in 12 minutes using a fast charger smarterfutures47X5RxQ"
1841844799147499602,2024-10-03 14:16:00+00:00,ğŸš¨| WATCH: Speed starts saying Indonesian words â€œSantai Santaiâ€ â€œMinggir lumisan miskinâ€ after getting caught by a ghost in Outlast 2 ğŸ˜­ğŸ˜­ğŸ‡®ğŸ‡©,speed in Indonesia , WATCH Speed starts saying Indonesian words Santai Santai Minggir lumisan miskin after getting caught by a ghost in Outlast 2 
1837126584756552147,2024-09-20 13:48:00+00:00,They already making meme for speed in Indonesia,speed in Indonesia ,They already making meme for speed in Indonesia
1824694821157536242,2024-08-17 06:28:00+00:00,"In celebration of Indonesia Independence Day, a reflection of their Olympic success.
âºï¸ #Paris2024 saw the first Gold medals for athletes in sports other than badminton. Congratulations to Veddriq LeonardoğŸ¥‡in menâ€™s speed climbing (extraordinary athletic talent, I still canâ€™t quite believe how he does that); and Rizki JuniansyahğŸ¥‡in the menâ€™s 73kg weightlifting.
âºï¸ Once again Indonesia had a medallist in the badminton â€“ thatâ€™s at least one medal at 8 of the 9 Games where badminton has been a full medal sport.
âºï¸ 2 x GoldğŸ¥‡ğŸ¥‡ plus 1 x BronzeğŸ¥‰ makes 2024 Indonesiaâ€™s second most successful Games ever after Barcelona 1992 (ğŸ¥‡ğŸ¥‡, ğŸ¥ˆğŸ¥ˆ, ğŸ¥‰ where all 5 medals were won in badminton).
âºï¸ In winning BronzeğŸ¥‰in womenâ€™s singles (WS) Gregoria Mariska Tunjung became the 4ï¸âƒ£th different Indonesian to win a 5ï¸âƒ£th WS medal, and the first for 16 years since Maria Kristin Yulianti in 2008.
âºï¸ 8ï¸âƒ£ years ago TODAY Tontowi AhmadÂ & Liliyana Natsir @LN_909 won Indonesiaâ€™s only Olympic GoldğŸ¥‡in mixed doubles â€“ 8ï¸âƒ£ years to the day AFTER Natsir and Nova Widianto were beaten in the Olympic final in Beijing.

To all my Indonesian friends, and especially to the wonderful badminton fans, I wish you Selamat Hari Kemerdekaan
#GillsFunFacts
ğŸ“·@badmintonphoto
#Badminton #Olympics #Paris2024
@INABadminton",speed in Indonesia ,"In celebration of Indonesia Independence Day a reflection of their Olympic success
 Paris2024 saw the first Gold medals for athletes in sports other than badminton Congratulations to Veddriq Leonardoin mens speed climbing extraordinary athletic talent I still cant quite believe how he does that and Rizki Juniansyahin the mens 73kg weightlifting
 Once again Indonesia had a medallist in the badminton  thats at least one medal at 8 of the 9 Games where badminton has been a full medal sport
 2 x Gold plus 1 x Bronze makes 2024 Indonesias second most successful Games ever after Barcelona 1992    where all 5 medals were won in badminton
 In winning Bronzein womens singles WS Gregoria Mariska Tunjung became the 4th different Indonesian to win a 5th WS medal and the first for 16 years since Maria Kristin Yulianti in 2008
 8 years ago TODAY Tontowi AhmadÂ  Liliyana Natsir  won Indonesias only Olympic Goldin mixed doubles  8 years to the day AFTER Natsir and Nova Widianto were beaten in the Olympic final in Beijing

To all my Indonesian friends and especially to the wonderful badminton fans I wish you Selamat Hari Kemerdekaan
GillsFunFacts

Badminton Olympics Paris2024
"
1841719466910200243,2024-10-03 05:58:00+00:00,the guy that gave speed mineral water in indonesia was given endorsement and a motor bike by the brand for the marketing on speedâ€™s stream ğŸ˜­ğŸ‡²ğŸ‡¨ğŸ”¥,speed in Indonesia ,the guy that gave speed mineral water in indonesia was given endorsement and a motor bike by the brand for the marketing on speeds stream 
1837116186259054798,2024-09-20 13:06:00+00:00,these memes of speed in Indonesia gotta stop ğŸ˜­,speed in Indonesia ,these memes of speed in Indonesia gotta stop 
1837095324495512007,2024-09-20 11:43:00+00:00,They already making memes of Speed while heâ€™s in Indonesia ğŸ˜­,speed in Indonesia ,They already making memes of Speed while hes in Indonesia 
1842010987211460892,2024-10-04 01:16:00+00:00,The craziness of the speed of the ISS is that it is over Indonesia now but in 30 minutes it will be over Arizona ğŸ˜³,speed in Indonesia ,The craziness of the speed of the ISS is that it is over Indonesia now but in 30 minutes it will be over Arizona 
1838079200000872856,2024-09-23 04:53:00+00:00,"Ishowspeed in Indonesia Speed ke Kota tua, bali, yogyakarta dan papua #speedindonesia #speed #ishowspeed #rindubola #fyp

MODAL 10K !!!
rindubola.live/

#pkvgames #mixparlay #parlay #persija #persib",#SpeedIndonesia,"Ishowspeed in Indonesia Speed ke Kota tua bali yogyakarta dan papua speedindonesia speed ishowspeed rindubola fyp

MODAL 10K 
rindubolalive

pkvgames mixparlay parlay persija persib"
1838179308998975574,2024-09-23 11:31:00+00:00,"Woi pemerintah tolol kontol jangan halang halangin Speed ke papua,papua harus di ungkap dan di ketahui oleh dunia,,
#ishowspeed #speed #irlstream #IShowSpeed #speedindonesia #papua #part4",#SpeedIndonesia,"Woi pemerintah tolol kontol jangan halang halangin Speed ke papuapapua harus di ungkap dan di ketahui oleh dunia
ishowspeed speed irlstream IShowSpeed speedindonesia papua part4"
1837534089068663288,2024-09-21 16:47:00+00:00,Speed - Yogyakarta ( INDONESIA ) #speedindonesia #speedjogja #speedjakarta #speedbali,#SpeedIndonesia,Speed  Yogyakarta  INDONESIA  speedindonesia speedjogja speedjakarta speedbali
1837505939064152563,2024-09-21 14:55:00+00:00,"Speedâ€™s Indonesia tour officially ends, he appreciates people for all the love they have been giving & says the past four days were the best in his life ğŸ‡®ğŸ‡©â¤ï¸
#ishowspeed #speed #speedindonesia",#SpeedIndonesia,"Speeds Indonesia tour officially ends he appreciates people for all the love they have been giving  says the past four days were the best in his life 
ishowspeed speed speedindonesia"
1837943994288119935,2024-09-22 19:56:00+00:00,#ishowspeed #speedindonesia #speedtour,#SpeedIndonesia,ishowspeed speedindonesia speedtour
1837718705134096387,2024-09-22 05:00:00+00:00,"ishowspeedâ€™s Indonesia Tour is a W !!!!

shout out to mas waibi @yourbae for managing all of Speedâ€™s needs from Jakarta, Bali and Yogyakarta and thank you for letting me be a part of it ! ğŸ”¥ #ishowspeedindonesia #speedindonesia",#SpeedIndonesia,"ishowspeeds Indonesia Tour is a W 

shout out to mas waibi  for managing all of Speeds needs from Jakarta Bali and Yogyakarta and thank you for letting me be a part of it   ishowspeedindonesia speedindonesia"
1837505383776375147,2024-09-21 14:53:00+00:00,"Speed ga lanjut part 4, gara gara Jogja Chaos, niat speed closing di Borobudur malah ga jadi gara gara di kejar pemotor

#speed #ishowspeed #Dasarlumiskin #speedindonesia #speedgang",#SpeedIndonesia,"Speed ga lanjut part 4 gara gara Jogja Chaos niat speed closing di Borobudur malah ga jadi gara gara di kejar pemotor

speed ishowspeed Dasarlumiskin speedindonesia speedgang"
1837477687340028106,2024-09-21 13:03:00+00:00,"Just speedy things

#ishowspeed #speedindonesia
#speed",#SpeedIndonesia,"Just speedy things

ishowspeed speedindonesia
speed"
1837065705805730114,2024-09-20 09:46:00+00:00,Serius ini bali harga  jual ke wisatawan segini ? Jersey 300 kipas kondangan 100 WTF apa @ishowspeedsui kena scam ? #Speed #Bali #speedindonesia,#SpeedIndonesia,Serius ini bali harga  jual ke wisatawan segini  Jersey 300 kipas kondangan 100 WTF apa  kena scam  Speed Bali speedindonesia
1841914947665854800,2024-10-03 18:55:00+00:00,Speed way bigger than him nigga got randoms from Indonesia crowding him in the streets,speed in Indonesia ,Speed way bigger than him nigga got randoms from Indonesia crowding him in the streets
1841955772638626091,2024-10-03 21:37:00+00:00,Speed believed long time ago he was born in Indonesia ğŸ˜…,speed in Indonesia ,Speed believed long time ago he was born in Indonesia 
1836965687421775977,2024-09-20 03:08:00+00:00,"speed di bali kira-kira dimana yaa?
#ishowspeedbali
#ishowspeedindonesia
#speedindonesia",#SpeedIndonesia,"speed di bali kirakira dimana yaa
ishowspeedbali
ishowspeedindonesia
speedindonesia"
1837058991500698093,2024-09-20 09:19:00+00:00,"ğŸš¨| NEW: Speed has announced that there WILL be a Part 3 stream in Indonesia! ğŸ‡®ğŸ‡©
#Speed #SpeedIndonesia",#SpeedIndonesia," NEW Speed has announced that there WILL be a Part 3 stream in Indonesia 
Speed SpeedIndonesia"
1836402404901732861,2024-09-18 13:50:00+00:00,"Speed surpasses Kai Cenatâ€™s live viewership record of 712K viewers with 1 Million Watching
The Record Breaker ğŸ”¥ğŸ˜³ @ishowspeedsui 
#ishowspeed #Speed #indonesia #IShowSpeedindonesia #speedindonesia",#SpeedIndonesia,"Speed surpasses Kai Cenats live viewership record of 712K viewers with 1 Million Watching
The Record Breaker   
ishowspeed Speed indonesia IShowSpeedindonesia speedindonesia"
1764308278811775375,2024-03-03 15:14:00+00:00,"*Cucurak Komunitas Ojek Online Serikat Pengemudi Daring ( SPEED ) INDONESIA Kabupaten Bogor*,
Minggu, 3 Maret 2024
#speed
#speedindonesia
#ojol
#komunitas
#grab
#gojek
#shopee
#bogor
#bojonggede 
#kabupatenbogor 
#tajurhalang 
#cibinong
instagram.com/reel/C4DnaxZJuâ€¦",#SpeedIndonesia,"Cucurak Komunitas Ojek Online Serikat Pengemudi Daring  SPEED  INDONESIA Kabupaten Bogor
Minggu 3 Maret 2024
speed
speedindonesia
ojol
komunitas
grab
gojek
shopee
bogor
bojonggede 
kabupatenbogor 
tajurhalang 
cibinong
instagramcomreelC4DnaxZJu"
1836366134746189850,2024-09-18 11:26:00+00:00,Mulai keliatan noraknya #speedindonesia,#SpeedIndonesia,Mulai keliatan noraknya speedindonesia
1841881157748555816,2024-10-03 16:41:00+00:00,"Didnâ€™t even know there was an Indonesia league but Iâ€™m still on fm23

Just saying thereâ€™s gameplay reasons to load in more mens leagues in your saves, the main reason I donâ€™t load them all is processor speed lol",speed in Indonesia ,"Didnt even know there was an Indonesia league but Im still on fm23

Just saying theres gameplay reasons to load in more mens leagues in your saves the main reason I dont load them all is processor speed lol"
1841160177405608356,2024-10-01 16:56:00+00:00,"Speed reacts to his old self in Indonesia, practicing Javanese culture from the 9th century ğŸ‡®ğŸ‡© 
ğŸ˜‚ğŸ˜‚ğŸ˜‚ğŸ˜‚ğŸ˜‚",speed in Indonesia ,"Speed reacts to his old self in Indonesia practicing Javanese culture from the 9th century  
"
1841826146339409955,2024-10-03 13:02:00+00:00,"Percuma kemarin ngeributin batik sama netizen Malaysia
Koar2 batik asli Indonesia, dikenalin ke Speed biar mendunia smp2 Speed diajarin gambar batik tradisional pake canting, ehh pemrenta malah impor batik made in Cina 
Apa2 impor sampe batik aja impor najis bgt pemerintah tolol",speed in Indonesia ,"Percuma kemarin ngeributin batik sama netizen Malaysia
Koar2 batik asli Indonesia dikenalin ke Speed biar mendunia smp2 Speed diajarin gambar batik tradisional pake canting ehh pemrenta malah impor batik made in Cina 
Apa2 impor sampe batik aja impor najis bgt pemerintah tolol"
1841825529374323197,2024-10-03 13:00:00+00:00,"#ICP It's always a good idea to get up to speed with everything happening in the ecosystemâš¡ï¸

@BlockchainPill is your best source for this, go check them out!",speed in Indonesia ,"ICP Its always a good idea to get up to speed with everything happening in the ecosystem

 is your best source for this go check them out"
1841679091277402526,2024-10-03 03:18:00+00:00,Hey I think this Speed guy is loving his stay in Indonesia,speed in Indonesia ,Hey I think this Speed guy is loving his stay in Indonesia
1838222000931619092,2024-09-23 14:20:00+00:00,never thought that this speed guy would one day indirectly proves that there's something going on in papua. he's real close in disclosing the fact that indonesia gov. is destroying papua,speed in Indonesia ,never thought that this speed guy would one day indirectly proves that theres something going on in papua hes real close in disclosing the fact that indonesia gov is destroying papua
1841538627232530490,2024-10-02 17:59:00+00:00,"ğŸš¨Speed gets jump scared and starts screaming ""Santaiâ€ ""Minggir lumisan miskinâ€ ğŸ˜­ğŸ‡®ğŸ‡©.
Bro thought he is in Indonesia ğŸ‡®ğŸ‡©ğŸ˜­
#IShowSpeed #Speed #Indonesia",speed in Indonesia ,"Speed gets jump scared and starts screaming Santai Minggir lumisan miskin 
Bro thought he is in Indonesia 
IShowSpeed Speed Indonesia"
1841697182879252965,2024-10-03 04:30:00+00:00,"The only thing that makes Speed's viewer skyrocketing is his recent IRL stream in Southeast Asia. Things went crazy when he visited Indonesia, the crowd in here was like a zombie horde.",speed in Indonesia ,The only thing that makes Speeds viewer skyrocketing is his recent IRL stream in Southeast Asia Things went crazy when he visited Indonesia the crowd in here was like a zombie horde
1841512373070528559,2024-10-02 16:15:00+00:00,happy national batik day to all speed gang in indonesiağŸ™Œ,speed in Indonesia ,happy national batik day to all speed gang in indonesia
1836691857113509985,2024-09-19 09:00:00+00:00,"Speed broke his own record and hit 1 million live views in Indonesia, Indonesia power is real ğŸ‡®ğŸ‡©ğŸ”¥",speed in Indonesia ,Speed broke his own record and hit 1 million live views in Indonesia Indonesia power is real 
1708768984772816981,2023-10-02 09:00:00+00:00,"Indonesia launches HSR (high-speed rail):

Jakarta - Bandung in 45-50 min! (presently takes about 3 hours by rail/road for 140-150 km. Similar to Mumbai - Pune)

japantimes.co.jp/news/2023/1â€¦

(Have argued for many years now... Ahmedabad - Mumbai HSR NEEDS to be extended to #Pune!)",speed in Indonesia ,"Indonesia launches HSR highspeed rail

Jakarta  Bandung in 4550 min presently takes about 3 hours by railroad for 140150 km Similar to Mumbai  Pune

japantimescojpnews20231

Have argued for many years now Ahmedabad  Mumbai HSR NEEDS to be extended to Pune"
1841281487058174390,2024-10-02 00:58:00+00:00,"â€˜Jung Kook: I Am Still â€“ The Party Editionâ€ will be released in limited cinemas across the U.S, Mexico, Indonesia, Philippines, Thailand, Malaysia, Taiwan, Vietnam, Singapore, and Hong Kong. Ticket sales begin online from Friday.

ğŸŸï¸ Ticket Sales: Oct 4, 9AM ET
ğŸ“† Limited screenings beginning Oct 11

#JUNGKOOK_IAMSTILL
#JUNGKOOK_IAMSTILL_PARTY

SIGN UP: 
 party.jungkook-iamstill.com",speed in Indonesia ,"Jung Kook I Am Still  The Party Edition will be released in limited cinemas across the US Mexico Indonesia Philippines Thailand Malaysia Taiwan Vietnam Singapore and Hong Kong Ticket sales begin online from Friday

 Ticket Sales Oct 4 9AM ET
 Limited screenings beginning Oct 11

JUNGKOOK_IAMSTILL
JUNGKOOK_IAMSTILL_PARTY

SIGN UP 
 partyjungkookiamstillcom"
1841305246104232377,2024-10-02 02:32:00+00:00,"Speed & Ronaldo talks about ""santay"", it means relax in Indonesia",speed in Indonesia ,Speed  Ronaldo talks about santay it means relax in Indonesia
1841325150110962003,2024-10-02 03:51:00+00:00,Speed promoting Indonesia as a destination and brand ambassador-ing Papua is not in my 2024 bingo card,speed in Indonesia ,Speed promoting Indonesia as a destination and brand ambassadoring Papua is not in my 2024 bingo card
1837435783697092751,2024-09-21 10:16:00+00:00,Speed runs into two women in a store saying Batik is from Indonesia not Malaysia ğŸ˜­ğŸ‡®ğŸ‡©,speed in Indonesia ,Speed runs into two women in a store saying Batik is from Indonesia not Malaysia 
1837020149276365087,2024-09-20 06:45:00+00:00,Speed makes a Monkey friend in Indonesia ğŸ˜­,speed in Indonesia ,Speed makes a Monkey friend in Indonesia 
1837437111425028505,2024-09-21 10:21:00+00:00,Speed just met the famous DJ â€œMarshmellowâ€ in Indonesia ğŸ’€ğŸ‡®ğŸ‡©,speed in Indonesia ,Speed just met the famous DJ Marshmellow in Indonesia 
1836976207348281435,2024-09-20 03:50:00+00:00,Speed on a nation wide TV channel in Indonesia ğŸ’€ğŸ‡®ğŸ‡©,speed in Indonesia ,Speed on a nation wide TV channel in Indonesia 
1838148214542770651,2024-09-23 09:27:00+00:00,Speed really said â€œSantaiâ€ in Cambodia bro has been in Indonesia for too long ğŸ‡®ğŸ‡©ğŸ‡°ğŸ‡­ğŸ’€,speed in Indonesia ,Speed really said Santai in Cambodia bro has been in Indonesia for too long 
1841301482009956480,2024-10-02 02:17:00+00:00,"""I was born in indonesia years back ğŸ˜±"" Speed descendant ğŸ’€",speed in Indonesia ,I was born in indonesia years back  Speed descendant 
1841127714255708576,2024-10-01 14:47:00+00:00,"Speed speaks about his experience in South East Asia streamğŸ‡®ğŸ‡©ğŸ˜­ğŸ—¿. 

#IShowSpeed #Indonesia",speed in Indonesia ,"Speed speaks about his experience in South East Asia stream 

IShowSpeed Indonesia"
1841174758567920059,2024-10-01 17:54:00+00:00,Speed reacts to his old self in Indonesia  practicing Javanese culture & thinks it's his descendents ğŸ˜­ğŸ˜‚ #IShowSpeed,speed in Indonesia ,Speed reacts to his old self in Indonesia  practicing Javanese culture  thinks its his descendents  IShowSpeed
1841077097873162588,2024-10-01 11:26:00+00:00,"Antonee Robinson has been the fastest player in the Premier League this season, averaging a max speed of 34.5 km/h across his five fastest games this season ğŸƒâ€â™‚ï¸ğŸ’¨

#FFC #USMNT",speed in Indonesia ,"Antonee Robinson has been the fastest player in the Premier League this season averaging a max speed of 345 kmh across his five fastest games this season 

FFC USMNT"
1841166532543754244,2024-10-01 17:21:00+00:00,"Speed reacts to his old video in Indonesia, practicing Javanese culture from the 9th century ğŸ‡®ğŸ‡©",speed in Indonesia ,Speed reacts to his old video in Indonesia practicing Javanese culture from the 9th century 
1837503269725217029,2024-09-21 14:44:00+00:00,"Speedâ€™s Indonesia tour officially ends, he appreciates them for all the love they have been giving & says the past four days were the best in his life â¤ï¸ğŸ‡®ğŸ‡©",speed in Indonesia ,Speeds Indonesia tour officially ends he appreciates them for all the love they have been giving  says the past four days were the best in his life 
1838919243230048627,2024-09-25 12:31:00+00:00,"ğŸš¨BREAKING ;
 
ISHOWSPEED ENDED HIS IRL STREAM IN SOUTH EAST ASIAN COUNTRIES 
ğŸ˜­ğŸ—¿ğŸ’€

THANK YOU SOUTH EAST ASIAğŸ˜­ğŸ”¥

ğŸ‡®ğŸ‡©ğŸ‡µğŸ‡­ğŸ‡¸ğŸ‡¬ğŸ‡¨ğŸ‡³ğŸ‡²ğŸ‡¾ ğŸ‡²ğŸ‡²ğŸ‡°ğŸ‡­ğŸ‡±ğŸ‡¦ğŸ‡§ğŸ‡³ğŸ‡¹ğŸ‡±ğŸ‡»ğŸ‡³

#IShowSpeed #Speed #Indonesia #Singapore #Philipines",speed in Indonesia ,"BREAKING 
 
ISHOWSPEED ENDED HIS IRL STREAM IN SOUTH EAST ASIAN COUNTRIES 


THANK YOU SOUTH EAST ASIA

 

IShowSpeed Speed Indonesia Singapore Philipines"
1840683591727980611,2024-09-30 09:22:00+00:00,"IShowSpeedâ€™s Southeast Asia trip started right after this in Thailand ğŸ˜­ğŸ’€.

#IShowSpeed #Speed #Thailand #Indonesia",speed in Indonesia ,"IShowSpeeds Southeast Asia trip started right after this in Thailand 

IShowSpeed Speed Thailand Indonesia"
1840358093101666715,2024-09-29 11:48:00+00:00,"Speed leaving a random shopping centre in Indonesia ğŸ‡®ğŸ‡©ğŸ—¿ğŸ”¥.

#IShowSpeed #Speed #Indonesia",speed in Indonesia ,"Speed leaving a random shopping centre in Indonesia 

IShowSpeed Speed Indonesia"
1841131850749620391,2024-10-01 15:03:00+00:00,"Uzbekistan, Taiwan, and Indonesia (for example) all individually have more miles of high speed rail than the US. In other words, the US has the worst ratio of high speed rail length to population (length / 100,000 people).",speed in Indonesia ,Uzbekistan Taiwan and Indonesia for example all individually have more miles of high speed rail than the US In other words the US has the worst ratio of high speed rail length to population length  100000 people
1840730857927008436,2024-09-30 12:30:00+00:00,"A reminder that Micky van de Ven holds the title for the fastest player recorded in Premier League history, clocking a ridiculous speed of 37.38km/h âš¡ï¸",speed in Indonesia ,A reminder that Micky van de Ven holds the title for the fastest player recorded in Premier League history clocking a ridiculous speed of 3738kmh 
1840574000797483011,2024-09-30 02:06:00+00:00,In Indonesia we have 355 km/h high speed train... of course it's made in China.,speed in Indonesia ,In Indonesia we have 355 kmh high speed train of course its made in China
1840405339579240849,2024-09-29 14:56:00+00:00,Speed clone found in Indonesia ğŸ‡®ğŸ‡©,speed in Indonesia ,Speed clone found in Indonesia 
1840018676000358665,2024-09-28 13:20:00+00:00,"QuiAri Featured On BFH

QuiAri recently launched a new SUPER PACK with 100 DAYS of UNLIMITED SPEED BONUSES exclusively for Promoters in Indonesia. 

Visit our blog and BFH to read all about QuiAri Indonesia:
quiariblog.com/quiari-in-theâ€¦",speed in Indonesia ,"QuiAri Featured On BFH

QuiAri recently launched a new SUPER PACK with 100 DAYS of UNLIMITED SPEED BONUSES exclusively for Promoters in Indonesia 

Visit our blog and BFH to read all about QuiAri Indonesia
quiariblogcomquiariinthe"
1840700085161934901,2024-09-30 10:27:00+00:00,"Abroad, it's nice to have a sports car, it's safe
In Indonesia many speed bumps less free ğŸª¿ğŸª¿",speed in Indonesia ,"Abroad its nice to have a sports car its safe
In Indonesia many speed bumps less free "
1840287797611245877,2024-09-29 07:09:00+00:00,The High Speed train in Indonesia is very nice,speed in Indonesia ,The High Speed train in Indonesia is very nice
1839898183658549507,2024-09-28 05:21:00+00:00,I see. I'm okay with the first person view. I'm glad there are some fast forward feature in the game that can speed up some of the gameplay in the game,speed in Indonesia ,I see Im okay with the first person view Im glad there are some fast forward feature in the game that can speed up some of the gameplay in the game
1840352728796586019,2024-09-29 11:27:00+00:00,"I have travelled on proper trains in France and Japan several times. I need to visit suppliers in China; Shenzhen and Changsha, 800 km. Iâ€™m looking forward to taking the train. 

Indonesia even has high speed rail now. The Waktu Hemat Operasi Optimal Sistem Hebat or WHOOSH.",speed in Indonesia ,"I have travelled on proper trains in France and Japan several times I need to visit suppliers in China Shenzhen and Changsha 800 km Im looking forward to taking the train 

Indonesia even has high speed rail now The Waktu Hemat Operasi Optimal Sistem Hebat or WHOOSH"
1839978216125280703,2024-09-28 10:39:00+00:00,"That is in yogyakarta, indonesia bro. Look at speed's dress",speed in Indonesia ,That is in yogyakarta indonesia bro Look at speeds dress
1839890118561456212,2024-09-28 04:49:00+00:00,"Udah gak respect sama bpk.
Kemarin numpang tenar speed go indonesia yg diusaha in sama bang reza arap
Skarang soal IKN.
Payah",speed in Indonesia ,"Udah gak respect sama bpk
Kemarin numpang tenar speed go indonesia yg diusaha in sama bang reza arap
Skarang soal IKN
Payah"
1839674781685391754,2024-09-27 14:33:00+00:00,The history of Speed in Indonesia,speed in Indonesia ,The history of Speed in Indonesia
1839686985637888400,2024-09-27 15:22:00+00:00,speed is in the VOC era and Indonesia is still called the Dutch East Indies. let's sing the Wilhelmus song ğŸ˜,speed in Indonesia ,speed is in the VOC era and Indonesia is still called the Dutch East Indies lets sing the Wilhelmus song 
1839651203451593205,2024-09-27 13:00:00+00:00,"Family... #rollcall
@AirMobilityCmd-McGuire AFB, 721st CRS preps for Hurricane Francine in Alexandria,Louisiana
@MSCSealift-Joint high speed vessel USNS Millinocket arrives at Port Hueneme
@hqSDDC-Wrapped up port operations in Indonesia
Much love!
#togetherwedeliver @US_TRANSCOM",speed in Indonesia ,"Family rollcall
McGuire AFB 721st CRS preps for Hurricane Francine in AlexandriaLouisiana
Joint high speed vessel USNS Millinocket arrives at Port Hueneme
Wrapped up port operations in Indonesia
Much love
togetherwedeliver "
1839455854828855806,2024-09-27 00:03:00+00:00,Speed Instantly Gets Stream Sniped in Indonesia ğŸ˜‚#ishowspeedclipz #ishowspeedlive #ishowspeedrage,speed in Indonesia ,Speed Instantly Gets Stream Sniped in Indonesia ishowspeedclipz ishowspeedlive ishowspeedrage
1839494271444885594,2024-09-27 02:36:00+00:00,"Fermin Aldeguer is the fastest rider in FP1 in Indonesia ahead of Aron Canet then Tony Arbolino!

ğŸ“¸ Speed Up

#MotoGP",speed in Indonesia ,"Fermin Aldeguer is the fastest rider in FP1 in Indonesia ahead of Aron Canet then Tony Arbolino

 Speed Up

MotoGP"
1839290891661615576,2024-09-26 13:08:00+00:00,"Hell nah, wtf are you, he, she they? Speed is well known in Indonesia since age.",speed in Indonesia ,Hell nah wtf are you he she they Speed is well known in Indonesia since age
1838921488512253972,2024-09-25 12:40:00+00:00,"ğŸš¨BREAKING;

IShowSpeed has ended his IRL stream in a Southeast Asian country.ğŸ˜­ğŸ—¿

According to you, which country is the best for streaming? Comment below!

ğŸ‡®ğŸ‡©ğŸ‡µğŸ‡­ğŸ‡¸ğŸ‡¬ğŸ‡¨ğŸ‡³ğŸ‡²ğŸ‡¾ ğŸ‡²ğŸ‡²ğŸ‡°ğŸ‡­ğŸ‡±ğŸ‡¦ğŸ‡§ğŸ‡³ğŸ‡¹ğŸ‡±ğŸ‡»ğŸ‡³

#IShowSpeed #Speed #Indonesia #Philippines #Malaysia #Vietnam #Singapore #Papua #Thailand #Bali",speed in Indonesia ,"BREAKING

IShowSpeed has ended his IRL stream in a Southeast Asian country

According to you which country is the best for streaming Comment below

 

IShowSpeed Speed Indonesia Philippines Malaysia Vietnam Singapore Papua Thailand Bali"
1838906276656665017,2024-09-25 11:39:00+00:00,"ğŸš¨A fan just gifted Speed a MIDGET MAN condom in Philippines ğŸ˜­ğŸ‡µğŸ‡­ğŸ’€ğŸ—¿.

#IShowSpeed #Speed #Philippines #Indonesia #Singapore",speed in Indonesia ,"A fan just gifted Speed a MIDGET MAN condom in Philippines 

IShowSpeed Speed Philippines Indonesia Singapore"
1839310205085167909,2024-09-26 14:25:00+00:00,Itâ€™s a touching tribute that shows how much Speedâ€™s time in Indonesia meant to fans.,speed in Indonesia ,Its a touching tribute that shows how much Speeds time in Indonesia meant to fans
1839326665098543455,2024-09-26 15:30:00+00:00,China's innovative solutions to global transport governance were in the spotlight at the Global Sustainable Transport Forum 2024 in Beijing. Key projects such as Indonesia's Yavan High Speed Rail and Israel's Tel Aviv Light Rail highlighted China's influence.,speed in Indonesia ,Chinas innovative solutions to global transport governance were in the spotlight at the Global Sustainable Transport Forum 2024 in Beijing Key projects such as Indonesias Yavan High Speed Rail and Israels Tel Aviv Light Rail highlighted Chinas influence
1839294033925198035,2024-09-26 13:20:00+00:00,Speed is famous in Indonesia,speed in Indonesia ,Speed is famous in Indonesia
1839295955784577115,2024-09-26 13:28:00+00:00,I dont know. But i think other streamer is not as famous as speed in Indonesia.,speed in Indonesia ,I dont know But i think other streamer is not as famous as speed in Indonesia
1839287962317582556,2024-09-26 12:56:00+00:00,An Indonesian fan creating a memorial poster of Speedâ€™s time in Indonesia is such a heartfelt gesture . It shows how much those moments meant to them.,speed in Indonesia ,An Indonesian fan creating a memorial poster of Speeds time in Indonesia is such a heartfelt gesture  It shows how much those moments meant to them
1839014371072291012,2024-09-25 18:49:00+00:00,"bakit nakakaawa si cong kung ""nag bouncer"" cya? or inutusan cya? i mean its speeds show not him if he aint for the job then gtfo right? just look at yb in indonesia handled everything and made it happen ğŸ¤·â€â™‚ï¸ i mean if i have 12 million subs and im the tg of speed automatic SANTAI!",speed in Indonesia ,bakit nakakaawa si cong kung nag bouncer cya or inutusan cya i mean its speeds show not him if he aint for the job then gtfo right just look at yb in indonesia handled everything and made it happen  i mean if i have 12 million subs and im the tg of speed automatic SANTAI
1839287780100419599,2024-09-26 12:55:00+00:00,"Thatâ€™s such a heartfelt tribute! Speed truly left an impact during his time in Indonesia, and fans are showing their love in a beautiful way.",speed in Indonesia ,Thats such a heartfelt tribute Speed truly left an impact during his time in Indonesia and fans are showing their love in a beautiful way
1838981740817457213,2024-09-25 16:39:00+00:00,tbh speed had fun more in Indonesia compare to sg n msia,speed in Indonesia ,tbh speed had fun more in Indonesia compare to sg n msia
1838922952844194301,2024-09-25 12:46:00+00:00,"Speed meets One piece character ""Nami"" in Indonesia ğŸ’€",speed in Indonesia ,Speed meets One piece character Nami in Indonesia 
1838932373720997925,2024-09-25 13:23:00+00:00,how come in indonesia yb pulled everything from jakarta to yogyakarta to bali ? all content creators are not a cargo for speed he acted as a tourguide right? why did cong agreed to that and not recommended other cebu local content creators? felt like a congtv show and not irl,speed in Indonesia ,how come in indonesia yb pulled everything from jakarta to yogyakarta to bali  all content creators are not a cargo for speed he acted as a tourguide right why did cong agreed to that and not recommended other cebu local content creators felt like a congtv show and not irl
1838940565754577245,2024-09-25 13:56:00+00:00,"to all of u who said:
""Indonesia only numbers""
""speed in Indonesia for gain subs""
""Indonesia have no content only zombies""
""I bet Indonesia unsubs"" (when hit 32M)

which jersey on his cover post?
which first flag on his caption?

PROUD INDONESIAğŸ‡®ğŸ‡©",speed in Indonesia ,"to all of u who said
Indonesia only numbers
speed in Indonesia for gain subs
Indonesia have no content only zombies
I bet Indonesia unsubs when hit 32M

which jersey on his cover post
which first flag on his caption

PROUD INDONESIA"
1838516835026927661,2024-09-24 09:52:00+00:00,"Speed still uses the word â€œSantaiâ€ â€œSantaiâ€, bro thought he is in Indonesia ğŸ‡®ğŸ‡©ğŸ˜­ğŸ˜­ğŸ”¥
#Indonesia #IShowSpeed",speed in Indonesia ,"Speed still uses the word Santai Santai bro thought he is in Indonesia 
Indonesia IShowSpeed"
1838507099380470017,2024-09-24 09:13:00+00:00,"No way Speed is still saying â€œSantaiâ€ to the crowds in Singapore, bro has been in Indonesia for too long ğŸ’€ğŸ‡®ğŸ‡©",speed in Indonesia ,No way Speed is still saying Santai to the crowds in Singapore bro has been in Indonesia for too long 
1838903015354593310,2024-09-25 11:26:00+00:00,"That words might only work in Indonesia, Malaysia, Singapore and Bruinei speed...",speed in Indonesia ,That words might only work in Indonesia Malaysia Singapore and Bruinei speed
1838892430461980936,2024-09-25 10:44:00+00:00,Speed still in Indonesia,speed in Indonesia ,Speed still in Indonesia
1838888512407458117,2024-09-25 10:29:00+00:00,"Body speed is in another country, but the soul is left behind in Indonesia.ğŸ¤£ğŸ¤£",speed in Indonesia ,Body speed is in another country but the soul is left behind in Indonesia
1838569604899311848,2024-09-24 13:22:00+00:00,Speed think all country in ASEAN speak Indonesia wkwkwk,speed in Indonesia ,Speed think all country in ASEAN speak Indonesia wkwkwk
1838859609421025403,2024-09-25 08:34:00+00:00,speed coming to singapore was a bad move all weâ€™re getting is roasts from both malaysia and indonesia (when they were both fighting against each other just a week ago ğŸ˜­) unified in hate against sg forreal (i get it tho),speed in Indonesia ,speed coming to singapore was a bad move all were getting is roasts from both malaysia and indonesia when they were both fighting against each other just a week ago  unified in hate against sg forreal i get it tho
1838735151679050214,2024-09-25 00:19:00+00:00,When you go to papua speed? We miss you so much. I still waiting for your 4th stream in Indonesia @s,speed in Indonesia ,When you go to papua speed We miss you so much I still waiting for your 4th stream in Indonesia 
1838558039676252480,2024-09-24 12:36:00+00:00,"High speed rail project is agreed in 2015, this is 9 years ago. But currently Indonesia imposed 200% tariff, so obviously Indo-China relations it's not OK",speed in Indonesia ,High speed rail project is agreed in 2015 this is 9 years ago But currently Indonesia imposed 200 tariff so obviously IndoChina relations its not OK
1838565369705042139,2024-09-24 13:05:00+00:00,"Speed can get 2m live viewers in Indonesia, it's very easy because there are many YouTubers from Indonesia who can get more than 2m live viewers. But IRL speed is full of zombies. I'm Indonesian so I don't enjoy IRL speed.",speed in Indonesia ,Speed can get 2m live viewers in Indonesia its very easy because there are many YouTubers from Indonesia who can get more than 2m live viewers But IRL speed is full of zombies Im Indonesian so I dont enjoy IRL speed
1838564164794474767,2024-09-24 13:00:00+00:00,Speed learn santai and sabar in Indonesia and decided to use it in other SEA country hahahaha,speed in Indonesia ,Speed learn santai and sabar in Indonesia and decided to use it in other SEA country hahahaha
1838509868753592403,2024-09-24 09:24:00+00:00,Lamborghini to Bike speed in Indonesia,speed in Indonesia ,Lamborghini to Bike speed in Indonesia
1838537949291626857,2024-09-24 11:16:00+00:00,"Most streamed videos in Indonesia 

Speed is in different league",speed in Indonesia ,"Most streamed videos in Indonesia 

Speed is in different league"
1838356371164795085,2024-09-23 23:14:00+00:00,"Speed visited four more countries before landing in Indonesia where his broadcast exploded to over 1,000,000 live viewers, prompting him to burst out in tears.",speed in Indonesia ,Speed visited four more countries before landing in Indonesia where his broadcast exploded to over 1000000 live viewers prompting him to burst out in tears
1838396575422517570,2024-09-24 01:54:00+00:00,"after watching speed in singapore. and how their people handled it. i can say, indonesia is the best experience in the region. malaysia is mid, but not as bad as singapore. although weâ€™re not giving a social media celebrity a cultural experience. it is what KL is. KL is boring.",speed in Indonesia ,after watching speed in singapore and how their people handled it i can say indonesia is the best experience in the region malaysia is mid but not as bad as singapore although were not giving a social media celebrity a cultural experience it is what KL is KL is boring
1838229836411625538,2024-09-23 14:52:00+00:00,"BREAKING NEWS! Promoters in Indonesia can now purchase our NEW Super Pack and earn UNLIMITED SPEED BONUSES for the next 100 DAYS!

This EXCLUSIVE deal expires December 31, 2024. DO NOT WAIT! Go to your Portal and order it TODAY!",speed in Indonesia ,"BREAKING NEWS Promoters in Indonesia can now purchase our NEW Super Pack and earn UNLIMITED SPEED BONUSES for the next 100 DAYS

This EXCLUSIVE deal expires December 31 2024 DO NOT WAIT Go to your Portal and order it TODAY"
1838221996863463576,2024-09-23 14:20:00+00:00,Flashback:-Speed is currently in Indonesia & as soon as he got out of his car.,speed in Indonesia ,FlashbackSpeed is currently in Indonesia  as soon as he got out of his car
1838508618007875766,2024-09-24 09:19:00+00:00,"é›…ä¸‡é«˜é“é£é©°ä¸€å¹´ï¼Œå°å°¼æƒ³ä¿®å»¶é•¿çº¿ ä»‹æ–‡æ±²:åœ¨å°å°¼é€ æˆæå¤§çš„éœ‡æ’¼The Jakarta Bandung high-speed railway has been running for a year, and Indonesia wants to build an extension line. This has caused great shock in Indonesia
@xuejianosaka",speed in Indonesia ,"é›…ä¸‡é«˜é“é£é©°ä¸€å¹´å°å°¼æƒ³ä¿®å»¶é•¿çº¿ ä»‹æ–‡æ±²åœ¨å°å°¼é€ æˆæå¤§çš„éœ‡æ’¼The Jakarta Bandung highspeed railway has been running for a year and Indonesia wants to build an extension line This has caused great shock in Indonesia
"
1838533232427471018,2024-09-24 10:57:00+00:00,"Indonesia language is always on Speed's mind, In whatever country he is , '' sabar ''   "" santay "" ğŸ¤£",speed in Indonesia ,Indonesia language is always on Speeds mind In whatever country he is   sabar     santay  
1838507374224482651,2024-09-24 09:14:00+00:00,Don't say santai in Singapore it's a Indonesia word speed,speed in Indonesia ,Dont say santai in Singapore its a Indonesia word speed
1838499083193061541,2024-09-24 08:41:00+00:00,"Speed still said â€œSantaiâ€ in Cambodia and Singapore, Bro canâ€™t move on from Indonesia ğŸ˜­",speed in Indonesia ,Speed still said Santai in Cambodia and Singapore Bro cant move on from Indonesia 
1838467470992310388,2024-09-24 06:36:00+00:00,"In indonesia, it's called ""Whoosh"". The name is taken from onomatopoeia from the sound of air being passed by a high-speed vehicle.",speed in Indonesia ,In indonesia its called Whoosh The name is taken from onomatopoeia from the sound of air being passed by a highspeed vehicle
1838355219874484386,2024-09-23 23:10:00+00:00,"Speed only took 3 days and he experienced everything in Indonesia, became Javanese Aristocrat, confronted Indonesian ghosts, and getting violated by Hanuman",speed in Indonesia ,Speed only took 3 days and he experienced everything in Indonesia became Javanese Aristocrat confronted Indonesian ghosts and getting violated by Hanuman
1838339304734757003,2024-09-23 22:06:00+00:00,"Speed visited four more countries before landing in Indonesia where his broadcast exploded to over 1,000,000 live viewers, prompting him to burst out in tears.

ğŸ”—dexerto.com/youtube/ishowspeâ€¦",speed in Indonesia ,"Speed visited four more countries before landing in Indonesia where his broadcast exploded to over 1000000 live viewers prompting him to burst out in tears

dexertocomyoutubeishowspe"
1838254071406305506,2024-09-23 16:28:00+00:00,Speed is in Indonesia ?,speed in Indonesia ,Speed is in Indonesia 
1838256357407117801,2024-09-23 16:37:00+00:00,Speed supposed to go to west Papua but got denied.. because the indonesian goverment are commiting silent genocide towards black people in Papua.. so they dont want speed to visit there because it will destroy indonesiaâ€™s reputation,speed in Indonesia ,Speed supposed to go to west Papua but got denied because the indonesian goverment are commiting silent genocide towards black people in Papua so they dont want speed to visit there because it will destroy indonesias reputation
1838321385736683960,2024-09-23 20:55:00+00:00,They doing speed memes now in Indonesia ğŸ’€,speed in Indonesia ,They doing speed memes now in Indonesia 
1838209072744579340,2024-09-23 13:29:00+00:00,Speed runs into two women in a store saying Batik is from Indonesia not Malaysia,speed in Indonesia ,Speed runs into two women in a store saying Batik is from Indonesia not Malaysia
1838210486015582528,2024-09-23 13:35:00+00:00,Speed really said â€œSantaiâ€ in Cambodia bro has been in Indonesia for too long,speed in Indonesia ,Speed really said Santai in Cambodia bro has been in Indonesia for too long
1838244478722953674,2024-09-23 15:50:00+00:00,"speed is going to reveal indonesia's oppression in west papua, go off king",speed in Indonesia ,speed is going to reveal indonesias oppression in west papua go off king
1838220514495778911,2024-09-23 14:14:00+00:00,"Papua Province are in Indonesia, known as West Papua, both in Indonesia. But Papua New Guinea are a different country, or be called as East Papua. I hope speed can visit Papua.",speed in Indonesia ,Papua Province are in Indonesia known as West Papua both in Indonesia But Papua New Guinea are a different country or be called as East Papua I hope speed can visit Papua
1838230536101548062,2024-09-23 14:54:00+00:00,"bro, where were u when speed stepping his feet in indonesia???, didn't u have intention to help him promote ur local culture n ur tourism attractions to locals, lend ur free tix to papua now dear mas sandi",speed in Indonesia ,bro where were u when speed stepping his feet in indonesia didnt u have intention to help him promote ur local culture n ur tourism attractions to locals lend ur free tix to papua now dear mas sandi
1838201080145989720,2024-09-23 12:57:00+00:00,"There are 3 streams in Indonesia that are in the top 10 with the most viewers on YouTube ğŸ˜­ğŸ‡®ğŸ‡©ğŸ™ !!!

Like and Retweet you are from
Indonesia ğŸ‡®ğŸ‡©!!!!

W INDONESIA ğŸ‡®ğŸ‡©ğŸ«¶ğŸ»

#IShowSpeed #Speed",speed in Indonesia ,"There are 3 streams in Indonesia that are in the top 10 with the most viewers on YouTube  

Like and Retweet you are from
Indonesia 

W INDONESIA 

IShowSpeed Speed"
1838188643367743988,2024-09-23 12:08:00+00:00,"ğŸš¨ Speed said : 

If he wants to stream (part 4) in Indonesia, he'll need a private jet âœˆï¸. 

Who's willing to rent him one?

Jetpri di Indonesia kan banyak ya.ğŸ˜­ğŸ‡®ğŸ‡©

#Papua #IshowSpeed #Jet #Cambodia #Indonesia",speed in Indonesia ," Speed said  

If he wants to stream part 4 in Indonesia hell need a private jet  

Whos willing to rent him one

Jetpri di Indonesia kan banyak ya

Papua IshowSpeed Jet Cambodia Indonesia"
1838156606934040631,2024-09-23 10:01:00+00:00,"Speed really said â€œSantaiâ€ in Cambodia ğŸ‡®ğŸ‡©ğŸ‡°ğŸ‡­ğŸ˜­
 
But â€œSantai â€œword is used in Indonesia ğŸ‡®ğŸ‡©ğŸ˜­

Bro forgot he is in Cambodia ğŸ‡°ğŸ‡­ğŸ˜­

#IShowSpeed #Speed",speed in Indonesia ,"Speed really said Santai in Cambodia 
 
But Santai word is used in Indonesia 

Bro forgot he is in Cambodia 

IShowSpeed Speed"
1838154823637557473,2024-09-23 09:53:00+00:00,"Speed got twin in IndonesiağŸ‡®ğŸ‡©ğŸ˜­!!

W*F is Happening chat!!!!

#IShowSpeed #Speed",speed in Indonesia ,"Speed got twin in Indonesia

WF is Happening chat

IShowSpeed Speed"
1838204643991859599,2024-09-23 13:11:00+00:00,meme speed in indonesia,speed in Indonesia ,meme speed in indonesia
1838150062708306346,2024-09-23 09:35:00+00:00,"Speed really said â€œSantaiâ€ in Cambodia ğŸ‡°ğŸ‡­

Santai"" in Indonesian means ""relaxed""  It's often used to describe a laid-back or easygoing attitude. Bro has been in Indonesia for too longğŸ‡®ğŸ‡©",speed in Indonesia ,"Speed really said Santai in Cambodia 

Santai in Indonesian means relaxed  Its often used to describe a laidback or easygoing attitude Bro has been in Indonesia for too long"
1838153221329551819,2024-09-23 09:47:00+00:00,Speed in Indonesia trip!!!,speed in Indonesia ,Speed in Indonesia trip
1838202667182739773,2024-09-23 13:04:00+00:00,Bantu speed dong bapak/ibu. Ini kesempatan yg sangat luar biasa buat promosi in budaya Indonesia. Sekalian collab juga gak papa dah kerja sama gitu pasti mereka mau. Asal rundown nya jelas dan gak chaos pak. Butuh bodyguard juga pak kasian bodyguard mereka kewalahan,speed in Indonesia ,Bantu speed dong bapakibu Ini kesempatan yg sangat luar biasa buat promosi in budaya Indonesia Sekalian collab juga gak papa dah kerja sama gitu pasti mereka mau Asal rundown nya jelas dan gak chaos pak Butuh bodyguard juga pak kasian bodyguard mereka kewalahan
1838203668840993236,2024-09-23 13:08:00+00:00,Speed plays traditional drums in Indonesia ğŸ”¥ğŸ‡®ğŸ‡©,speed in Indonesia ,Speed plays traditional drums in Indonesia 
1838189396534923350,2024-09-23 12:11:00+00:00,the best memory in indonesia speed,speed in Indonesia ,the best memory in indonesia speed
1838180501158592625,2024-09-23 11:35:00+00:00,"THIS WEEKEND THERE IS MOTOGP EVENT IN MANDALIKA SPEED IN INDONESIA, PLEASE COME TO MANDALIKA LOMBOK",speed in Indonesia ,THIS WEEKEND THERE IS MOTOGP EVENT IN MANDALIKA SPEED IN INDONESIA PLEASE COME TO MANDALIKA LOMBOK
1838187477024268738,2024-09-23 12:03:00+00:00,"speed couldve be the entrance of irl stream in indonesia, he could be the tourist guide for kai cenat fanum duke rizz sigma skibidi maybe",speed in Indonesia ,speed couldve be the entrance of irl stream in indonesia he could be the tourist guide for kai cenat fanum duke rizz sigma skibidi maybe
1838104578220343484,2024-09-23 06:34:00+00:00,"Chat!!!!
He may visit Indonesia( Papua ) but not sure at this moment.
Please support speed in his Entire South East Asian Tour.",speed in Indonesia ,"Chat
He may visit Indonesia Papua  but not sure at this moment
Please support speed in his Entire South East Asian Tour"
1838101912396103744,2024-09-23 06:23:00+00:00,"Chat, donâ€™t worry.ğŸ¤˜ğŸ»

IShowSpeed will visit Indonesia(Papua) in Part 4 of his stream.ğŸ’¯

If you guys really care about Speed, donâ€™t stream snipe him during his stream in Papua. ğŸ˜­ğŸ™

Letâ€™s give him the space to enjoy his time and create great content!!!!!ğŸ™

#IShowSpeed #Speed",speed in Indonesia ,"Chat dont worry

IShowSpeed will visit IndonesiaPapua in Part 4 of his stream

If you guys really care about Speed dont stream snipe him during his stream in Papua 

Lets give him the space to enjoy his time and create great content

IShowSpeed Speed"
1838180311290806377,2024-09-23 11:35:00+00:00,"Papua is isolated island in Indonesia, and that buzzer said not safe for everyone, but that places is sangat cantik , you must visited and stay safe speed.",speed in Indonesia ,Papua is isolated island in Indonesia and that buzzer said not safe for everyone but that places is sangat cantik  you must visited and stay safe speed
1838177102543069479,2024-09-23 11:22:00+00:00,no papua what speed means is papua in indonesia not papua new guinea bro,speed in Indonesia ,no papua what speed means is papua in indonesia not papua new guinea bro
1838164744093810811,2024-09-23 10:33:00+00:00,"Did your team also explain to Speed â€‹â€‹how great Mr Mulyono aka Mr President is? That's why don't be sentiment. Just try tagging Mr Mulyono. Only in Indonesia has a president shown his concern by reading his people's tweets...
You wouldn't found another humble president like him!",speed in Indonesia ,"Did your team also explain to Speed how great Mr Mulyono aka Mr President is Thats why dont be sentiment Just try tagging Mr Mulyono Only in Indonesia has a president shown his concern by reading his peoples tweets
You wouldnt found another humble president like him"
1838154592938512599,2024-09-23 09:53:00+00:00,"Speed said if he wants to stream part 4 in Indonesia, he'll need a private jet (pj) âœˆï¸. Who's willing to rent him one?

Jetpri di Indonesia kan banyak ya...ğŸ‘€

#Papua #IshowSpeed #Jet #Cambodia #Indonesia",speed in Indonesia ,"Speed said if he wants to stream part 4 in Indonesia hell need a private jet pj  Whos willing to rent him one

Jetpri di Indonesia kan banyak ya

Papua IshowSpeed Jet Cambodia Indonesia"
1838155380502991100,2024-09-23 09:56:00+00:00,Speedâ€™s doppelgÃ¤nger in Indonesia? The multiverse is real! ğŸ˜‚ğŸŒ,speed in Indonesia ,Speeds doppelgÃ¤nger in Indonesia The multiverse is real 
1838152756135444496,2024-09-23 09:45:00+00:00,Speed says he can't stream again in Indonesia x.com/saeedkhann4466/status/â€¦,speed in Indonesia ,Speed says he cant stream again in Indonesia xcomsaeedkhann4466status
1838142996853702726,2024-09-23 09:06:00+00:00,"When you want #Speed to slow down, stick him in the Ubud Monkey Forest in #Bali, #Indonesia 

#ishowspeed's #WonderfulJourney in #WonderfulIndonesia",speed in Indonesia ,"When you want Speed to slow down stick him in the Ubud Monkey Forest in Bali Indonesia 

ishowspeeds WonderfulJourney in WonderfulIndonesia"
1838146100060205366,2024-09-23 09:19:00+00:00,"Indonesia and malay have never found peace, they are always fightingğŸ˜‚ After that, they were annoyed because our guide was smarter in taking speed to a place that brought ori Indonesian cultureğŸ˜¹",speed in Indonesia ,Indonesia and malay have never found peace they are always fighting After that they were annoyed because our guide was smarter in taking speed to a place that brought ori Indonesian culture
1838129309598601371,2024-09-23 08:12:00+00:00,"speed said there'll be part 3 irl stream in Philippines comin really soon. there's no information about going back to singapore, malaysia, vietnam, thailand and indonesia so far",speed in Indonesia ,speed said therell be part 3 irl stream in Philippines comin really soon theres no information about going back to singapore malaysia vietnam thailand and indonesia so far
1838015049568583831,2024-09-23 00:38:00+00:00,"Not all countries like that bro, indonesia literally one of the best country for speed (speed says it in his stream) he got the love, culture, fun, nami, 1 million views and some L crowds ğŸ˜ but still he is really happy in indonesia. thailand and philipine also good",speed in Indonesia ,Not all countries like that bro indonesia literally one of the best country for speed speed says it in his stream he got the love culture fun nami 1 million views and some L crowds  but still he is really happy in indonesia thailand and philipine also good
1838107630038106508,2024-09-23 06:46:00+00:00,"Iâ€™m seeing a lot of hate towards Indonesians from neighboring countries just because Speed was happy in Indonesia. Be glad he visited, as he had the option not to. The fans in Indonesia have every right to celebrate because Speed broke records there. Thatâ€™s a fact. ğŸ«¡ #IShowSpeed #speed #indonesia",speed in Indonesia ,Im seeing a lot of hate towards Indonesians from neighboring countries just because Speed was happy in Indonesia Be glad he visited as he had the option not to The fans in Indonesia have every right to celebrate because Speed broke records there Thats a fact  IShowSpeed speed indonesia
1838121718214443419,2024-09-23 07:42:00+00:00,"vt.tiktok.com/ZS24xk9vE/

come to Indonesia again, especially Makassar city, there is Speedâ€™s twin in that cityğŸ¤£",speed in Indonesia ,"vttiktokcomZS24xk9vE

come to Indonesia again especially Makassar city there is Speeds twin in that city"
1838066205569286475,2024-09-23 04:01:00+00:00,"Wah, Speed baru saja explore Indonesia nih! Dari destinasi wisata sampai budaya lokal, pasti banyak yang bikin dia terpana ğŸ¤© Siapa yang kemarin sempat ketemu sama dia?

Kocaknya, Speed sempat bilang ""Minggir lu miskin"" ğŸ˜‚ duh siapa ya yang ngajarin?

#SpeedInIndonesia #Roote",speed in Indonesia ,"Wah Speed baru saja explore Indonesia nih Dari destinasi wisata sampai budaya lokal pasti banyak yang bikin dia terpana  Siapa yang kemarin sempat ketemu sama dia

Kocaknya Speed sempat bilang Minggir lu miskin  duh siapa ya yang ngajarin

SpeedInIndonesia Roote"
1838065389189927079,2024-09-23 03:58:00+00:00,Speed plays traditional drums in Indonesia,speed in Indonesia ,Speed plays traditional drums in Indonesia
1838024116613607834,2024-09-23 01:14:00+00:00,We really want Speed in Indonesia back very soon.,speed in Indonesia ,We really want Speed in Indonesia back very soon
1838057505634828533,2024-09-23 03:27:00+00:00,"Very interesting and true because if you ask which country is the exact opposite of Speed's character, I'd say either Singapore or North Korea. Meanwhile Indonesia is closer to his character. And, as we see in the streams, we're probably much more chaotic than him, which says a lot.",speed in Indonesia ,Very interesting and true because if you ask which country is the exact opposite of Speeds character Id say either Singapore or North Korea Meanwhile Indonesia is closer to his character And as we see in the streams were probably much more chaotic than him which says a lot
1838019943549612362,2024-09-23 00:57:00+00:00,"Then what about KCIC, doesn't that stand for ""Indonesia China High Speed â€‹â€‹â€‹â€‹Train""?

After all, if you can rely on yourselves to continue to develop, then why is your government begging foreign investors to invest in the IKN?",speed in Indonesia ,"Then what about KCIC doesnt that stand for Indonesia China High Speed Train

After all if you can rely on yourselves to continue to develop then why is your government begging foreign investors to invest in the IKN"
1837999606506094818,2024-09-22 23:37:00+00:00,Speed @ishowspeedsui you have to do dangdut dance in Indonesia next time.,speed in Indonesia ,Speed  you have to do dangdut dance in Indonesia next time
1837954385001041941,2024-09-22 20:37:00+00:00,"Jayapura city's airport, the biggest one in Papua is verry active, there's daily flight into and from major city in Indonesia where speed streamed. i think its not just about ticket booking problem. just wild guessing tho.",speed in Indonesia ,Jayapura citys airport the biggest one in Papua is verry active theres daily flight into and from major city in Indonesia where speed streamed i think its not just about ticket booking problem just wild guessing tho
1837906788253159849,2024-09-22 17:28:00+00:00,our traditional cloth is baju melayu and baju kurung..who even claiming? everyone know batik from indonesia. the driver mean batik that speed wearing that day is made in malaysia..we used batik as a daily to actually..we call as kain batik no one claiming girl chill mehh,speed in Indonesia ,our traditional cloth is baju melayu and baju kurungwho even claiming everyone know batik from indonesia the driver mean batik that speed wearing that day is made in malaysiawe used batik as a daily to actuallywe call as kain batik no one claiming girl chill mehh
1837900660790243367,2024-09-22 17:03:00+00:00,"i would love for speed to be in more parts in indonesia but i lowkey agree with this
especially after #that incident",speed in Indonesia ,"i would love for speed to be in more parts in indonesia but i lowkey agree with this
especially after that incident"
1837877627543343362,2024-09-22 15:32:00+00:00,"Jadi nya speed mau kemana? Tadi gw liat stream nya bentar judulnya ""irl live in Malaysia to Singapore"", balik ke Indonesia lagi kah?ğŸ˜‚",speed in Indonesia ,Jadi nya speed mau kemana Tadi gw liat stream nya bentar judulnya irl live in Malaysia to Singapore balik ke Indonesia lagi kah
1837889939582951825,2024-09-22 16:21:00+00:00,"Don't forget, @yourbae he had just returned from a tour from Japan when Speed â€‹â€‹arrived in Indonesia. maybe he's still jetlagged, but he can prepare everything in 1 day",speed in Indonesia ,Dont forget  he had just returned from a tour from Japan when Speed arrived in Indonesia maybe hes still jetlagged but he can prepare everything in 1 day
1837883985235792300,2024-09-22 15:57:00+00:00,But i still like bit embraced to see T mode when speed want to doing what he need in her livestreaming for some moment they not make speed walking free so its still make other people in Indonesia instead they blame each other,speed in Indonesia ,But i still like bit embraced to see T mode when speed want to doing what he need in her livestreaming for some moment they not make speed walking free so its still make other people in Indonesia instead they blame each other
1837886893427773538,2024-09-22 16:09:00+00:00,Speed is currently enjoying his life at fullest in Indonesia,speed in Indonesia ,Speed is currently enjoying his life at fullest in Indonesia
1837870336186241529,2024-09-22 15:03:00+00:00,speed in indonesia: minggir lu miskinğŸ˜­ i died hdhhdhgdhdh,speed in Indonesia ,speed in indonesia minggir lu miskin i died hdhhdhgdhdh
1837877070078046602,2024-09-22 15:30:00+00:00,"Hhh agree with y'all bro Indonesia far better success, but i think Indonesia and Singapore just two different things, the rule in Singapore is clearly strict so speed can't even record the video there, so i think this all need good preparation but i appreciate it ur all opinion.",speed in Indonesia ,Hhh agree with yall bro Indonesia far better success but i think Indonesia and Singapore just two different things the rule in Singapore is clearly strict so speed cant even record the video there so i think this all need good preparation but i appreciate it ur all opinion
1837862647041032247,2024-09-22 14:32:00+00:00,Speed has got every age group fans in Indonesia just wow you deserve buddy ğŸ’¥,speed in Indonesia ,Speed has got every age group fans in Indonesia just wow you deserve buddy 
1837827322202017962,2024-09-22 12:12:00+00:00,"Batam City In Indonesia also 30min away from singapore speed, pls do it",speed in Indonesia ,Batam City In Indonesia also 30min away from singapore speed pls do it
1837833826657055225,2024-09-22 12:38:00+00:00,"A Different angle showing the Indonesian fans chasing Speed in Indonesia ğŸ‡®ğŸ‡©

looks like a zombie apocalypse ğŸ˜­ #iShowSpeed #Speed",speed in Indonesia ,"A Different angle showing the Indonesian fans chasing Speed in Indonesia 

looks like a zombie apocalypse  iShowSpeed Speed"
1837855638044479761,2024-09-22 14:05:00+00:00,Why does it have to be the rich crappy people entertaining Speed in Malaysia and not the culture like in Indonesia and Philippines?,speed in Indonesia ,Why does it have to be the rich crappy people entertaining Speed in Malaysia and not the culture like in Indonesia and Philippines
1837844105952743439,2024-09-22 13:19:00+00:00,"Yesterday I saw a tweet that when Speed in Singapore, it will become most viewers beyond Indonesia. And now the streaming take down

I want to know his reaction right now ğŸ˜‚",speed in Indonesia ,"Yesterday I saw a tweet that when Speed in Singapore it will become most viewers beyond Indonesia And now the streaming take down

I want to know his reaction right now "
1837819304030753068,2024-09-22 11:40:00+00:00,"setelah nonton stream full di jogja, kasian sih harusnya kasih space buat speed explore BUKANNYA LU YG CAPER MAU KESOROT KAMERA WARGA KAMPUNGAN TOLOL. ah man @ronaldobetter07 im sorry for ur last trip in indonesia. it was a big L trip for stream. Yogyakarta why?? :(",speed in Indonesia ,setelah nonton stream full di jogja kasian sih harusnya kasih space buat speed explore BUKANNYA LU YG CAPER MAU KESOROT KAMERA WARGA KAMPUNGAN TOLOL ah man  im sorry for ur last trip in indonesia it was a big L trip for stream Yogyakarta why 
1837820791507111989,2024-09-22 11:46:00+00:00,Speed learnt new words to stop the crowd in Indonesia ğŸ˜­ğŸ˜­,speed in Indonesia ,Speed learnt new words to stop the crowd in Indonesia 
1837805880538169408,2024-09-22 10:47:00+00:00,"This nigga never learn after chaos in Jogja you racist to Papua and comment to speed go next country, after Singapore chaos you yapping again to speed back to Indonesia",speed in Indonesia ,This nigga never learn after chaos in Jogja you racist to Papua and comment to speed go next country after Singapore chaos you yapping again to speed back to Indonesia
1837804662734704978,2024-09-22 10:42:00+00:00,"You know speed, if you in singapore, you are very close to 2 country, indonesia and malaysia.",speed in Indonesia ,You know speed if you in singapore you are very close to 2 country indonesia and malaysia
1837785009207611790,2024-09-22 09:24:00+00:00,Singapore government are aware of speed zombies fans like in Malaysia and Indonesia.Small twitch streamers still can do livestream in singapore.There are big events such as  F1.They dont want public chaos and disruption.Speed cant livestream in fear of the crowd he will gather.,speed in Indonesia ,Singapore government are aware of speed zombies fans like in Malaysia and IndonesiaSmall twitch streamers still can do livestream in singaporeThere are big events such as  F1They dont want public chaos and disruptionSpeed cant livestream in fear of the crowd he will gather
1837786951443009821,2024-09-22 09:32:00+00:00,"Dompet kanvas pria, made in Indonesia.

Minggir lo miskin speed tawuran kali bekasi nikmir lolly

ğŸ‘‡ğŸ‘‡ğŸ‘‡ğŸ‘‡ğŸ‘‡
s.shopee.co.id/g7UaauuLA",speed in Indonesia ,"Dompet kanvas pria made in Indonesia

Minggir lo miskin speed tawuran kali bekasi nikmir lolly


sshopeecoidg7UaauuLA"
1837789094459724103,2024-09-22 09:40:00+00:00,"""batik is originally from M""

speed in Yogyakarta, Indonesia:
 membatik abangku ğŸ”¥ğŸ”¥",speed in Indonesia ,"batik is originally from M

speed in Yogyakarta Indonesia
 membatik abangku "
1837785162152923236,2024-09-22 09:25:00+00:00,What Speed did in the last 4 days during his trip in Indonesia have a lot more impacts on Indonesiaâ€™s tourism exposure compared to whatever Kemenparekraf has been doing in the last 5 years,speed in Indonesia ,What Speed did in the last 4 days during his trip in Indonesia have a lot more impacts on Indonesias tourism exposure compared to whatever Kemenparekraf has been doing in the last 5 years
1837784215686881546,2024-09-22 09:21:00+00:00,nahhh i think this shi was just a reason from speed he aint going to papua but will be doing it later on and do shi in other country then indonesia again,speed in Indonesia ,nahhh i think this shi was just a reason from speed he aint going to papua but will be doing it later on and do shi in other country then indonesia again
1837773732380922270,2024-09-22 08:39:00+00:00,DAWG MY PARENTS ARE TALKING ABOUT ISHOWSPEED AND THEY'RE PUSHING 50. SPEED REALLY IS INFLUENCIAL IN INDONESIA,speed in Indonesia ,DAWG MY PARENTS ARE TALKING ABOUT ISHOWSPEED AND THEYRE PUSHING 50 SPEED REALLY IS INFLUENCIAL IN INDONESIA
1837776410431443216,2024-09-22 08:50:00+00:00,"for people who skip everything about el kecepatan  aka speed in indonesia, here we go:

inews.id/lifestyle/seleb/30-â€¦",speed in Indonesia ,"for people who skip everything about el kecepatan  aka speed in indonesia here we go

inewsidlifestyleseleb30"
1837773391799243053,2024-09-22 08:38:00+00:00,"This is not just about Indonesia, Speed â€‹â€‹has fans all over the world. Don't make Speed â€‹â€‹uncomfortable with fans from Indonesia, let Speed â€‹â€‹visit other countries in peace",speed in Indonesia ,This is not just about Indonesia Speed has fans all over the world Dont make Speed uncomfortable with fans from Indonesia let Speed visit other countries in peace
1837766701653598227,2024-09-22 08:11:00+00:00,Indonesia really wins Speed to stay in the country longer than Malaysia. Kudos to teman2 di negara seberang,speed in Indonesia ,Indonesia really wins Speed to stay in the country longer than Malaysia Kudos to teman2 di negara seberang
1837748318912274776,2024-09-22 06:58:00+00:00,"this Indonesian ppl in this com been talking like speed has to stay there forever.

bruh that's okay y'all is a but let speed go to other country like he said, South east Asia not just Indonesia broo for fuck sake, ENOUGH! this shi is a South east Asia tour not Indonesia Tour!",speed in Indonesia ,"this Indonesian ppl in this com been talking like speed has to stay there forever

bruh thats okay yall is a but let speed go to other country like he said South east Asia not just Indonesia broo for fuck sake ENOUGH this shi is a South east Asia tour not Indonesia Tour"
1837722321915990027,2024-09-22 05:15:00+00:00,Speed â€‹â€‹can actually get 2m viewers in Indonesia very easily But because the place where speed goes the people are very noisy. We as Indonesians also do not enjoy IRL speed. Hopefully you will come back to Indonesia speed,speed in Indonesia ,Speed can actually get 2m viewers in Indonesia very easily But because the place where speed goes the people are very noisy We as Indonesians also do not enjoy IRL speed Hopefully you will come back to Indonesia speed
1837702849134055940,2024-09-22 03:57:00+00:00,Speed â€‹â€‹can actually get 2m in Indonesia. But unfortunately the people are not conducive so we who come from INDONESIA do not enjoy IRL speed,speed in Indonesia ,Speed can actually get 2m in Indonesia But unfortunately the people are not conducive so we who come from INDONESIA do not enjoy IRL speed
1837765813392073079,2024-09-22 08:08:00+00:00,"I'm glad Speed actually learning their culture in Indonesia, a lot of them.

Now the whole world know Malaysia's only culture is car drifting lol",speed in Indonesia ,"Im glad Speed actually learning their culture in Indonesia a lot of them

Now the whole world know Malaysias only culture is car drifting lol"
1837738897146552717,2024-09-22 06:21:00+00:00,"SPEED NOW LANDS IN SINGAPORE AFTER YESTERDAY'S CHAOS IN L YOGYAKARTA, INDONESIA

LETS GO SINGAPOREğŸ‡¸ğŸ‡¬",speed in Indonesia ,"SPEED NOW LANDS IN SINGAPORE AFTER YESTERDAYS CHAOS IN L YOGYAKARTA INDONESIA

LETS GO SINGAPORE"
1837745978155188595,2024-09-22 06:49:00+00:00,Ishow Speed in Indonesia be like :,speed in Indonesia ,Ishow Speed in Indonesia be like 
1837746401645920682,2024-09-22 06:51:00+00:00,"awkwkwkw papua nggak jadi, yogya still be the most L city in speed indonesia stream",speed in Indonesia ,awkwkwkw papua nggak jadi yogya still be the most L city in speed indonesia stream
1837715392925782311,2024-09-22 04:47:00+00:00,"You did your best 
As an Indonesian I'm sorry for what happened to you,Rudiger and speed in Indonesia. 
Back there they were acting like animals 
Hell even more feral than animals 
They were like zombies who crash anything in their way just for one guy
So again I'm very sorry",speed in Indonesia ,"You did your best 
As an Indonesian Im sorry for what happened to youRudiger and speed in Indonesia 
Back there they were acting like animals 
Hell even more feral than animals 
They were like zombies who crash anything in their way just for one guy
So again Im very sorry"
1837735137586319721,2024-09-22 06:06:00+00:00,idk why but at first i thought speed's alt tweeted this in indonesia,speed in Indonesia ,idk why but at first i thought speeds alt tweeted this in indonesia
1837752205564432436,2024-09-22 07:14:00+00:00,"Who here doesn't know IShowSpeed?

IShowSpeed, a Youtuber with over 30 million subscribers, went viral when he arrived in Indonesia.

#TempoEnglish #IShowSpeed #Speed",speed in Indonesia ,"Who here doesnt know IShowSpeed

IShowSpeed a Youtuber with over 30 million subscribers went viral when he arrived in Indonesia

TempoEnglish IShowSpeed Speed"
1837689589076754534,2024-09-22 03:05:00+00:00,"we laughed too.  fact, the Yogyakarta area has one of the smallest Upah in Indonesia, so speed is also correct and people on stream speed are very annoying. do you want to say ""minggir lu miskin"" to people on stream speed? Please, go ahead. we laugh together",speed in Indonesia ,we laughed too  fact the Yogyakarta area has one of the smallest Upah in Indonesia so speed is also correct and people on stream speed are very annoying do you want to say minggir lu miskin to people on stream speed Please go ahead we laugh together
1837679857461088313,2024-09-22 02:26:00+00:00,"The funny part is, they are overly proud, saying that Speed has introduced their culture to the world, and people around the world are seeing it. But little do they know, the ones watching Speedâ€™s stream while he was in Indonesia were their own people themselvesğŸ˜­ğŸ˜­ğŸ˜­",speed in Indonesia ,The funny part is they are overly proud saying that Speed has introduced their culture to the world and people around the world are seeing it But little do they know the ones watching Speeds stream while he was in Indonesia were their own people themselves
1837677885618114686,2024-09-22 02:18:00+00:00,"enough for indonesia for speed.
i hope this is last day in indonesia. the fans is crazy and they not listen to you.

W country, L crowd",speed in Indonesia ,"enough for indonesia for speed
i hope this is last day in indonesia the fans is crazy and they not listen to you

W country L crowd"
1837699092140761454,2024-09-22 03:43:00+00:00,"man who the fuck planned out speed's itinerary in the philippines, he looks like he's having a great time in indonesia meanwhile over here it was just day 1: get mobbed and harassed in manila, day 2: wander around lost and confused in manny pacquiao's stupid mansion",speed in Indonesia ,man who the fuck planned out speeds itinerary in the philippines he looks like hes having a great time in indonesia meanwhile over here it was just day 1 get mobbed and harassed in manila day 2 wander around lost and confused in manny pacquiaos stupid mansion
1837676592627438054,2024-09-22 02:13:00+00:00,Seeing the angry reactions of Malaysia people that Speed having a blast enjoying Indonesia massive culture. (Malaysia fans didn't promote anything and just crowd him for no reason in KL),speed in Indonesia ,Seeing the angry reactions of Malaysia people that Speed having a blast enjoying Indonesia massive culture Malaysia fans didnt promote anything and just crowd him for no reason in KL
1837674167724069370,2024-09-22 02:03:00+00:00,"yupp, but speed are doing the ASEAN tour on java island which is different island from where i'm living (there's 5 different islands in Indonesia)

can't meet him personally but i'm glad to watch him streaming and having blast with his visit to Indonesia :3c",speed in Indonesia ,"yupp but speed are doing the ASEAN tour on java island which is different island from where im living theres 5 different islands in Indonesia

cant meet him personally but im glad to watch him streaming and having blast with his visit to Indonesia 3c"
1837667802624242091,2024-09-22 01:38:00+00:00,"Speed has some craziest experience in Indonesia, they've filled his heart with so much love!

 ï¸",speed in Indonesia ,"Speed has some craziest experience in Indonesia theyve filled his heart with so much love

 "
1837666357057658994,2024-09-22 01:32:00+00:00,Speed is in Indonesia omg,speed in Indonesia ,Speed is in Indonesia omg
1837657028321214876,2024-09-22 00:55:00+00:00,"â€œItâ€™s the best country if yâ€™all could just chill outâ€¦â€
Speed explained Indonesia in one sentence",speed in Indonesia ,"Its the best country if yall could just chill out
Speed explained Indonesia in one sentence"
1837642710397997287,2024-09-21 23:58:00+00:00,"If you guys don't know:
When speed in irl livestream in indonesia he met a fellow indonesia toys collector name medy renaldy, he is the only one that have the ronaldo toys and he want to gave it to speed so he text speed and sent a pictures",speed in Indonesia ,"If you guys dont know
When speed in irl livestream in indonesia he met a fellow indonesia toys collector name medy renaldy he is the only one that have the ronaldo toys and he want to gave it to speed so he text speed and sent a pictures"
1837637086683582701,2024-09-21 23:36:00+00:00,"@SpeedUpdates1 Crying for reaching 1m viewers in Indonesia. 

We so proud of you speed. 
#speed",speed in Indonesia ," Crying for reaching 1m viewers in Indonesia 

We so proud of you speed 
speed"
1837634617865916766,2024-09-21 23:26:00+00:00,Speed in Indonesia be like:,speed in Indonesia ,Speed in Indonesia be like
1837602273222095243,2024-09-21 21:18:00+00:00,"Speed in Papua and balling would be a fckin W content ğŸ”¥ğŸ”¥ğŸ”¥ğŸ¥¶ğŸ¥¶ğŸ¥¶

Bro just got auto-cancelled to visit the one of the unique teritorry of Indonesia
@ishowspeedsui",speed in Indonesia ,"Speed in Papua and balling would be a fckin W content 

Bro just got autocancelled to visit the one of the unique teritorry of Indonesia
"
1837575277440094228,2024-09-21 19:31:00+00:00,Itâ€™s actually been a lot of fun seeing Speed travel around the world and experiencing new different shit. I think the earliest place I saw of him was in Italy or something. Seeing him in Indonesia now is crazy.,speed in Indonesia ,Its actually been a lot of fun seeing Speed travel around the world and experiencing new different shit I think the earliest place I saw of him was in Italy or something Seeing him in Indonesia now is crazy
1837537424945434831,2024-09-21 17:00:00+00:00,"Speed now officially ranks as the biggest English-language real-life streamer of all time thanks to the 1 million viewers he gained while live in Jakarta, IndonesiağŸ‡®ğŸ‡©

This achievement not only marks a new personal best for IShowSpeed but also makes him the most popular English streamer across all platforms

Previously ranked eighth, she has now claimed the top spot. His streams from Indonesia allowed him to surpass the historical record held by LazarBeam, a popular Fortnite streamer from Australia, with nearly 100,000 concurrent viewers. LazarBeam had held that record for over four years

Next streaming in papua will be banger

streamscharts.com/news/ishowâ€¦",speed in Indonesia ,"Speed now officially ranks as the biggest Englishlanguage reallife streamer of all time thanks to the 1 million viewers he gained while live in Jakarta Indonesia

This achievement not only marks a new personal best for IShowSpeed but also makes him the most popular English streamer across all platforms

Previously ranked eighth she has now claimed the top spot His streams from Indonesia allowed him to surpass the historical record held by LazarBeam a popular Fortnite streamer from Australia with nearly 100000 concurrent viewers LazarBeam had held that record for over four years

Next streaming in papua will be banger

streamschartscomnewsishow"
1837586647879209340,2024-09-21 20:16:00+00:00,"can someone sample speed saying ""TURN ME UP INDONESIA"" in a brazillian funk song",speed in Indonesia ,can someone sample speed saying TURN ME UP INDONESIA in a brazillian funk song
1837567374779994307,2024-09-21 18:59:00+00:00,"Gausah digubris bang, lu urus sendiri aja, kalau ada campur tangan pemerintahan udah pasti ranahnya politik dan itu bikin gaseru. GG bang arap, and thank you for bringing speed to Indonesia, we are proud and believe in you",speed in Indonesia ,Gausah digubris bang lu urus sendiri aja kalau ada campur tangan pemerintahan udah pasti ranahnya politik dan itu bikin gaseru GG bang arap and thank you for bringing speed to Indonesia we are proud and believe in you
1837554711538655299,2024-09-21 18:09:00+00:00,These memes of speed in Indonesia gotta stop ğŸ˜­,speed in Indonesia ,These memes of speed in Indonesia gotta stop 
1837560288457249268,2024-09-21 18:31:00+00:00,They already recreating how speed lives bee in Indonesia ğŸ‡®ğŸ‡© ğŸ˜­,speed in Indonesia ,They already recreating how speed lives bee in Indonesia  
1837554144439410768,2024-09-21 18:07:00+00:00,"The guy named Speed boleh bagi gaji ke? Sampai kena invest untuk topic: dia lebih suka tour in Malaysia or Indonesia? whatever man. If you love Indonesia, go. If you love Malaysia, go. Masing2 lebih kurg je budayanya, cuma ada la lebih sikit sana, lebih sikit sini. Dilarang over",speed in Indonesia ,The guy named Speed boleh bagi gaji ke Sampai kena invest untuk topic dia lebih suka tour in Malaysia or Indonesia whatever man If you love Indonesia go If you love Malaysia go Masing2 lebih kurg je budayanya cuma ada la lebih sikit sana lebih sikit sini Dilarang over
1837558251699032359,2024-09-21 18:23:00+00:00,speed is doing what the ministry of tourism havent been able to do for Indonesia in YEARS! everybody say thank you speed!,speed in Indonesia ,speed is doing what the ministry of tourism havent been able to do for Indonesia in YEARS everybody say thank you speed
1837556277549191176,2024-09-21 18:15:00+00:00,Speed gon love n hate for Indonesia fast like yall in everyday basis.,speed in Indonesia ,Speed gon love n hate for Indonesia fast like yall in everyday basis
1837547994184339786,2024-09-21 17:42:00+00:00,speed learning bahasa indonesia wasnt in my 2024 bingo card,speed in Indonesia ,speed learning bahasa indonesia wasnt in my 2024 bingo card
1837561819541787030,2024-09-21 18:37:00+00:00,"Iâ€™d say most of speed fan in Indonesia majority is coming from teens, which mostly are havenâ€™t fully developed in terms of physical appearance. Thatâ€™s why beauty market in Indonesia is still significantly growing because the awareness of skincare is started pretty late",speed in Indonesia ,Id say most of speed fan in Indonesia majority is coming from teens which mostly are havent fully developed in terms of physical appearance Thats why beauty market in Indonesia is still significantly growing because the awareness of skincare is started pretty late
1837559824474951702,2024-09-21 18:29:00+00:00,SPEED LEARNING BAHASA INDONESIA WAS NOT IN MY 2024 LIST,speed in Indonesia ,SPEED LEARNING BAHASA INDONESIA WAS NOT IN MY 2024 LIST
1837544406083399932,2024-09-21 17:28:00+00:00,"So Big L for unhinged crowd in Jogja city
Sumpah norak banget, rusuh ga bisa dibendung, kebelet di notice speed, fomo,,tambahin deh dari kalian...
Sumpah di bikin chaos si speed apalagi diliat 1 dunia kelakuan npc2 ini..

Last chapter in Indonesia 
thank you for coming ishowspeed",speed in Indonesia ,"So Big L for unhinged crowd in Jogja city
Sumpah norak banget rusuh ga bisa dibendung kebelet di notice speed fomotambahin deh dari kalian
Sumpah di bikin chaos si speed apalagi diliat 1 dunia kelakuan npc2 ini

Last chapter in Indonesia 
thank you for coming ishowspeed"
1837546279775395845,2024-09-21 17:35:00+00:00,Why speed stream in india bro i thought he was in indonesia,speed in Indonesia ,Why speed stream in india bro i thought he was in indonesia
1837531476596085012,2024-09-21 16:36:00+00:00,"I mean, dont u watched speed tour in Malaysia? Looked how speed on Philiphine and Indonesia, see the differences",speed in Indonesia ,I mean dont u watched speed tour in Malaysia Looked how speed on Philiphine and Indonesia see the differences
1837536063406915952,2024-09-21 16:55:00+00:00,"I'm so sorry for the chaos that happened in Jogja Speed, I hope you can visit another places in Indonesia someday @ronaldobetter07 @Ishowspeedsui",speed in Indonesia ,Im so sorry for the chaos that happened in Jogja Speed I hope you can visit another places in Indonesia someday  
1837530183206949074,2024-09-21 16:31:00+00:00,HELP?!;;& the sight of speed in an indonesia shirt is wild,speed in Indonesia ,HELP the sight of speed in an indonesia shirt is wild
1837528438330347648,2024-09-21 16:24:00+00:00,serius di ytb kedua speed bilang â€œ the last day in indonesiaâ€,speed in Indonesia ,serius di ytb kedua speed bilang  the last day in indonesia
1837529772903023088,2024-09-21 16:30:00+00:00,The Indonesia tour comes to an end and Speed says the past 4 days were the best in his life ğŸ‡®ğŸ‡©ğŸ”¥ #IShowSpeed #Speed,speed in Indonesia ,The Indonesia tour comes to an end and Speed says the past 4 days were the best in his life  IShowSpeed Speed
1837527576522510845,2024-09-21 16:21:00+00:00,"Dikira keren? Dikira Speed seneng dikejer-kejer? Si Speed cuma mau liburan + bonus free promosiin budaya lokal Indonesia malah dihuru-hara-in   kek orang norak asli. Si Speed gamau interaksi sama kalian brou, gausah kepedean mampang di frame kameranya ğŸ˜­ğŸ˜­ğŸ˜­",speed in Indonesia ,Dikira keren Dikira Speed seneng dikejerkejer Si Speed cuma mau liburan  bonus free promosiin budaya lokal Indonesia malah dihuruharain   kek orang norak asli Si Speed gamau interaksi sama kalian brou gausah kepedean mampang di frame kameranya 
1837528963083915523,2024-09-21 16:26:00+00:00,"I hope you are not bored here, even though there are some things that are not according to your expectations, but we in Indonesia are very happy with your presence, take the positive side, we hope the best for you Mr. Speed",speed in Indonesia ,I hope you are not bored here even though there are some things that are not according to your expectations but we in Indonesia are very happy with your presence take the positive side we hope the best for you Mr Speed
1837523330410467375,2024-09-21 16:04:00+00:00,I love Indonesia ğŸ˜‚ starts the second you get in the airport Speed ğŸ‘ŒğŸ½ğŸ¤£ğŸ¤£ğŸ¤£,speed in Indonesia ,I love Indonesia  starts the second you get in the airport Speed 
1837527178843771296,2024-09-21 16:19:00+00:00,"Dikira keren? Dikira Speed seneng dikejer-kejer? Si Speed cuma mau liburan + bonus free promosiin budaya lokal Indonesia malah dihuru-hara-in ğŸ¤­ kek orang norak asli. Si Speed gamau interaksi sama kalian brou, gausah kepedean mampang di frame kameranya ğŸ˜‚",speed in Indonesia ,Dikira keren Dikira Speed seneng dikejerkejer Si Speed cuma mau liburan  bonus free promosiin budaya lokal Indonesia malah dihuruharain  kek orang norak asli Si Speed gamau interaksi sama kalian brou gausah kepedean mampang di frame kameranya 
1837522447043907744,2024-09-21 16:01:00+00:00,"We also emphasized to Speed, that batik originated in Indonesia.",speed in Indonesia ,We also emphasized to Speed that batik originated in Indonesia
1837518324860965152,2024-09-21 15:44:00+00:00,"Batik asli dari indonesia bukan malay, speed in indonesia

t.me/WontonOrgBot/gameapp?stâ€¦",speed in Indonesia ,"Batik asli dari indonesia bukan malay speed in indonesia

tmeWontonOrgBotgameappst"
1837516500099555399,2024-09-21 15:37:00+00:00,i know speed but i did not know that speed was a huge deal ğŸ«  especially in Indonesia ğŸ¤·â€â™€ï¸,speed in Indonesia ,i know speed but i did not know that speed was a huge deal  especially in Indonesia 
1837521229516808420,2024-09-21 15:56:00+00:00,Speed rally. Speed in Indonesia ğŸ‡®ğŸ‡© Speed is awesome.. #Speed,speed in Indonesia ,Speed rally Speed in Indonesia  Speed is awesome Speed
1837517364956745895,2024-09-21 15:40:00+00:00,"Speed in indonesia, lets go

t.me/WontonOrgBot/gameapp?stâ€¦",speed in Indonesia ,"Speed in indonesia lets go

tmeWontonOrgBotgameappst"
1837512994689110308,2024-09-21 15:23:00+00:00,"speed in indonesia with a spirited character, and that's cool.
shrinkme.ink/re1",speed in Indonesia ,"speed in indonesia with a spirited character and thats cool
shrinkmeinkre1"
1837513692486787432,2024-09-21 15:26:00+00:00,"Thatâ€™s incredible! Itâ€™s clear Indonesia showed Speed nothing but love, and itâ€™s beautiful to see him appreciate it. Moments like these remind us that the connections we make and the experiences we have are what really matter in life. Hereâ€™s to many more unforgettable journeys!",speed in Indonesia ,Thats incredible Its clear Indonesia showed Speed nothing but love and its beautiful to see him appreciate it Moments like these remind us that the connections we make and the experiences we have are what really matter in life Heres to many more unforgettable journeys
1837516368486519110,2024-09-21 15:36:00+00:00,"itu dia karena udah ngasih challange dari pas di bali. Kalo ga kondusif di kota selanjutnya, ga ngasih speed jalan, it could be the last stream in Indonesia.",speed in Indonesia ,itu dia karena udah ngasih challange dari pas di bali Kalo ga kondusif di kota selanjutnya ga ngasih speed jalan it could be the last stream in Indonesia
1837512611103158402,2024-09-21 15:22:00+00:00,"how the hell Yogyakarta being the worst and the most chaotic on speed stream, while at the same time they're ranked number 1 for the city with the best human resources in Indonesia.",speed in Indonesia ,how the hell Yogyakarta being the worst and the most chaotic on speed stream while at the same time theyre ranked number 1 for the city with the best human resources in Indonesia
1837511120745107758,2024-09-21 15:16:00+00:00,Speed â€‹â€‹has also learned some words from Indonesia which has helped him a lot in having fun with the fans there and he has also got acquainted with the culture there and has performed it at many places.,speed in Indonesia ,Speed has also learned some words from Indonesia which has helped him a lot in having fun with the fans there and he has also got acquainted with the culture there and has performed it at many places
1837510425350676531,2024-09-21 15:13:00+00:00,"tadi waktu awal awal judulnya ""why speed never come back in indonesia""",speed in Indonesia ,tadi waktu awal awal judulnya why speed never come back in indonesia
1837508910007439392,2024-09-21 15:07:00+00:00,"Walmart doesnâ€™t exist in Indonesia

We got Speed from ALFAMART ğŸ”¥ğŸ”¥ğŸ”¥",speed in Indonesia ,"Walmart doesnt exist in Indonesia

We got Speed from ALFAMART "
1837509846914187631,2024-09-21 15:11:00+00:00,"I just hope what happend in jogja doesnt happen again in papua. What a terrible zombielike crowd. They dont even care abt speed, they only wanted to appear on camera to gain attention, not even real fans. Whats with indonesia ppl obsession over attenion seeking bruh, shameless.",speed in Indonesia ,I just hope what happend in jogja doesnt happen again in papua What a terrible zombielike crowd They dont even care abt speed they only wanted to appear on camera to gain attention not even real fans Whats with indonesia ppl obsession over attenion seeking bruh shameless
1837508318404935979,2024-09-21 15:04:00+00:00,Speed in Indonesia ğŸ¤—ğŸ¤—ğŸ¤—,speed in Indonesia ,Speed in Indonesia 
1837506722757324976,2024-09-21 14:58:00+00:00,"ğŸ¤“ğŸ‘©ğŸ»â€ğŸ«Indonesian lesson of the day from Speed:

""Awas"" = Watch out! Stay back! âš ï¸
""Santai"" = Relax/chill ğŸ§˜ğŸ»â€â™€ï¸
""Miggir"" = Move to the side ğŸƒğŸ»ğŸ’¨
""Lu"" = You ğŸ«µğŸ¼
""Miskin"" = Poor ğŸ’°âŒ

Who taught him this?! ğŸ˜­

#ishowspeed's #WonderfulJourney in #WonderfulIndonesia",speed in Indonesia ,"Indonesian lesson of the day from Speed

Awas  Watch out Stay back 
Santai  Relaxchill 
Miggir  Move to the side 
Lu  You 
Miskin  Poor 

Who taught him this 

ishowspeeds WonderfulJourney in WonderfulIndonesia"
1837506983286763715,2024-09-21 14:59:00+00:00,Seeing speed enjoy his time in Indonesia is awakening the patriotism inside me lmao,speed in Indonesia ,Seeing speed enjoy his time in Indonesia is awakening the patriotism inside me lmao
1837505645945540650,2024-09-21 14:54:00+00:00,"thankss rapp as tour guide speed in indonesia, respect ğŸ«¡",speed in Indonesia ,thankss rapp as tour guide speed in indonesia respect 
1837505953039794424,2024-09-21 14:55:00+00:00,thanks speed for irl in indonesia,speed in Indonesia ,thanks speed for irl in indonesia
1837508189404733775,2024-09-21 15:04:00+00:00,"Speedâ€™s Indonesia tour officially ends, he appreciates them for all the love they have been giving & says the past four days were the best in his life â¤ï¸ğŸ‡®ğŸ‡©
#ishowspeed",speed in Indonesia ,"Speeds Indonesia tour officially ends he appreciates them for all the love they have been giving  says the past four days were the best in his life 
ishowspeed"
1837505448401899650,2024-09-21 14:53:00+00:00,The very first day speed crashed a tuktuk in Indonesia,speed in Indonesia ,The very first day speed crashed a tuktuk in Indonesia
1837505369159225540,2024-09-21 14:53:00+00:00,"We havenâ€™t had a chance to hang out Speed ğŸ˜­

I hope youâ€™re having an amazing time in Indonesia ğŸ¥‚",speed in Indonesia ,"We havent had a chance to hang out Speed 

I hope youre having an amazing time in Indonesia "
1837505161859944506,2024-09-21 14:52:00+00:00,What an amazing tour for Speed! So great to hear he had such a memorable experience in Indonesia! â¤ï¸ğŸ‡®ğŸ‡©,speed in Indonesia ,What an amazing tour for Speed So great to hear he had such a memorable experience in Indonesia 
1837504628982010239,2024-09-21 14:50:00+00:00,bruhh Yogyakarta as last place speed irl in indonesia ğŸ¥² closing last day ke papua berarti gak jadi njir,speed in Indonesia ,bruhh Yogyakarta as last place speed irl in indonesia  closing last day ke papua berarti gak jadi njir
